date,open,high,low,close,volume,amount,code,name,industry
2022-01-05,52.022943,52.50188438,47.68769775,47.79504668,255365409,15259495685.34,600941,中国移动,通讯
2022-01-06,47.79504668,48.99240013,47.54731838,47.894138,116157682,6731421683.61,600941,中国移动,通讯
2022-01-07,47.7289858,47.94368366,47.55557599,47.58034882,63881165,3687982659.09,600941,中国移动,通讯
2022-01-10,47.6464097,49.12452189,47.62989448,48.5547468,75326858,4402100218.16,600941,中国移动,通讯
2022-01-11,48.3895946,48.81899032,47.83633473,47.96845649,34700578,2030028650.86,600941,中国移动,通讯
2022-01-12,48.13360869,48.13360869,47.7289858,47.98497171,25617132,1484862940.1,600941,中国移动,通讯
2022-01-13,47.90239561,47.90239561,47.71247058,47.73724341,24645018,1426048442.23,600941,中国移动,通讯
2022-01-14,47.65466731,47.7289858,47.57209121,47.60512165,24019049,1385033374.86,600941,中国移动,通讯
2022-01-17,47.60512165,47.66292492,47.55557599,47.5638336,26815585,1544964783.45,600941,中国移动,通讯
2022-01-18,47.5638336,47.67118253,47.55557599,47.58034882,20774021,1196931882.59,600941,中国移动,通讯
2022-01-19,47.5638336,47.58034882,47.54731838,47.54731838,37308915,2148398655.67,600941,中国移动,通讯
2022-01-20,47.55557599,47.65466731,47.54731838,47.58860643,23180332,1335238843.19,600941,中国移动,通讯
2022-01-21,47.57209121,47.58034882,47.54731838,47.54731838,19184425,1104712930.04,600941,中国移动,通讯
2022-01-24,47.62989448,48.49694353,47.59686404,48.05103259,29709778,1724572860.57,600941,中国移动,通讯
2022-01-25,47.8115619,47.91891083,47.55557599,47.55557599,18436817,1063494095.33,600941,中国移动,通讯
2022-01-26,47.55557599,47.894138,47.54731838,47.58860643,18821205,1086086078.7,600941,中国移动,通讯
2022-01-27,47.5638336,47.61337926,47.54731838,47.54731838,33978377,1956625176.24,600941,中国移动,通讯
2022-01-28,47.55557599,47.57209121,47.54731838,47.54731838,29008049,1670419330.18,600941,中国移动,通讯
2022-02-07,47.6464097,48.23270001,47.6464097,48.01800215,24754931,1437546474.42,600941,中国移动,通讯
2022-02-08,48.07580542,51.6100625,48.07580542,50.6191493,39345289,2383895932.78,600941,中国移动,通讯
2022-02-09,50.2062688,55.68106423,50.1236927,55.68106423,51244290,3334124378.81,600941,中国移动,通讯
2022-02-10,56.151748,56.4820524,53.22855406,54.500226,42181436,2792374406.89,600941,中国移动,通讯
2022-02-11,54.09560311,55.71409467,53.5918889,55.00394021,27567357,1823478191.44,600941,中国移动,通讯
2022-02-14,54.89659128,55.82970121,52.6835518,52.85696161,22758754,1488716256.36,600941,中国移动,通讯
2022-02-15,52.79090073,53.38544865,51.6100625,51.9403669,15999425,1014408908.02,600941,中国移动,通讯
2022-02-16,52.25415608,53.13772035,51.82476036,52.4358235,15860582,1006268766.08,600941,中国移动,通讯
2022-02-17,52.5183996,53.31938777,50.73475584,51.09809068,18282727,1145192284.39,600941,中国移动,通讯
2022-02-18,50.75952867,52.06423105,50.6191493,51.8577908,12345353,769923002.91,600941,中国移动,通讯
2022-02-21,52.00642778,52.9312801,51.75869948,52.46059633,14266367,904737562.32,600941,中国移动,通讯
2022-02-22,51.8577908,52.62574853,50.77604389,51.4449103,13392042,836344411.82,600941,中国移动,通讯
2022-02-23,51.2797581,52.67529419,51.2797581,52.09726149,9221475,582529010.93,600941,中国移动,通讯
2022-02-24,51.8577908,52.022943,50.32187534,50.96596892,9444993,585586571.74,600941,中国移动,通讯
2022-02-25,51.3623342,51.47794074,50.32187534,50.42096666,9555678,585932194.1,600941,中国移动,通讯
2022-02-28,50.35490578,50.52005798,48.90156642,49.99157094,8002998,483160720.0,600941,中国移动,通讯
2022-03-01,49.99157094,50.08240465,49.4630839,49.85119157,7004310,422036800.0,600941,中国移动,通讯
2022-03-02,49.55391761,50.33013295,49.51262956,49.94202528,5147246,311265056.0,600941,中国移动,通讯
2022-03-03,49.86770679,51.98165495,49.73558503,51.23847005,13645859,845440144.0,600941,中国移动,通讯
2022-03-04,50.73475584,52.1880952,50.4539971,50.95771131,7769847,482899216.0,600941,中国移动,通讯
2022-03-07,50.7843015,51.13937873,50.10717748,50.76778628,8606539,527895392.0,600941,中国移动,通讯
2022-03-08,50.75952867,51.08983307,49.43005346,50.41270905,8105448,495002928.0,600941,中国移动,通讯
2022-03-09,50.2888449,50.7017254,48.4721707,49.74384264,8524172,513019424.0,600941,中国移动,通讯
2022-03-10,50.14020792,50.49528515,49.38876541,49.43831107,7170705,433033664.0,600941,中国移动,通讯
2022-03-11,48.95111208,49.83467635,48.34830655,49.6282361,8064343,478591840.0,600941,中国移动,通讯
2022-03-14,49.2153556,52.2706713,49.09974906,50.00808616,12222221,750411520.0,600941,中国移动,通讯
2022-03-15,49.95028289,49.95028289,48.719899,48.82724793,10037219,599339616.0,600941,中国移动,通讯
2022-03-16,49.28967409,51.08157546,49.03368818,50.54483081,10366099,625681072.0,600941,中国移动,通讯
2022-03-17,51.12286351,51.3623342,49.89247962,50.39619383,7845907,478480352.0,600941,中国移动,通讯
2022-03-18,50.23104163,51.06506024,49.99157094,51.01551458,5397223,331340975.6,600941,中国移动,通讯
2022-03-21,50.85036238,52.71658224,50.64392213,51.78347231,7168380,449238818.06,600941,中国移动,通讯
2022-03-22,51.4449103,53.28635733,51.4449103,53.06340186,7983522,507305507.63,600941,中国移动,通讯
2022-03-23,52.91476488,54.05431506,52.5183996,53.30287255,7587236,491168887.85,600941,中国移动,通讯
2022-03-24,53.69098022,57.48948082,53.38544865,55.11954675,16528877,1110230501.37,600941,中国移动,通讯
2022-03-25,55.11954675,56.151748,53.8396172,54.500226,8753122,581316249.57,600941,中国移动,通讯
2022-03-28,53.5093128,56.52334045,53.1790084,56.3169002,9825730,656602266.74,600941,中国移动,通讯
2022-03-29,56.3169002,57.12614598,55.69757945,56.151748,7834188,535917006.58,600941,中国移动,通讯
2022-03-30,56.05265668,57.02705466,55.23515329,55.62326096,8149139,550487791.52,600941,中国移动,通讯
2022-03-31,55.325987,55.78015555,54.46719556,55.21038046,6023685,401503277.75,600941,中国移动,通讯
2022-04-01,55.06174348,56.71326548,54.88007606,56.46553718,5782059,393442113.12,600941,中国移动,通讯
2022-04-06,56.13523278,56.36644586,54.40113468,55.63977618,7060501,472502581.73,600941,中国移动,通讯
2022-04-07,55.10303153,56.3169002,54.98742499,55.63977618,5363226,361754940.66,600941,中国移动,通讯
2022-04-08,55.4085631,57.53902648,55.14431958,57.43993516,10997508,756037148.32,600941,中国移动,通讯
2022-04-11,57.12614598,58.4638788,56.16000561,56.86190246,10513754,730170876.45,600941,中国移动,通讯
2022-04-12,56.66371982,57.3078134,55.94530775,56.93622095,6121275,420727232.86,600941,中国移动,通讯
2022-04-13,56.7297807,58.86024408,56.38296108,57.97667981,7342799,514255426.19,600941,中国移动,通讯
2022-04-14,57.97667981,58.62077339,53.57537368,55.86273165,20509546,1374994505.79,600941,中国移动,通讯
2022-04-15,54.75621191,54.97916738,53.3441606,53.41847909,11801229,772750534.57,600941,中国移动,通讯
2022-04-18,53.3441606,54.72318147,53.1790084,54.19469443,6006490,394331956.86,600941,中国移动,通讯
2022-04-19,53.94696613,54.90484889,53.94696613,54.51674122,3334659,220083044.8,600941,中国移动,通讯
2022-04-20,54.500226,55.0782587,54.3350738,54.52499883,6679602,442051298.47,600941,中国移动,通讯
2022-04-21,54.3350738,54.7479543,52.78264312,53.30287255,5595841,363118128.94,600941,中国移动,通讯
2022-04-22,52.848704,54.75621191,52.16332237,54.3350738,5925242,384955859.29,600941,中国移动,通讯
2022-04-25,53.674465,55.325987,53.58363129,54.35158902,8866139,588904215.42,600941,中国移动,通讯
2022-04-26,54.07908789,54.35158902,52.74961268,52.91476488,6193213,401071401.57,600941,中国移动,通讯
2022-04-27,52.6835518,53.28635733,51.3623342,52.848704,8408818,534108189.21,600941,中国移动,通讯
2022-04-28,52.84044639,53.674465,52.6009757,53.48453997,4216271,272157760.07,600941,中国移动,通讯
2022-04-29,53.08817469,54.84704562,53.03037142,53.64143456,6107038,397439367.37,600941,中国移动,通讯
2022-05-05,53.64143456,53.91393569,53.04688664,53.31113016,3846098,248840297.4,600941,中国移动,通讯
2022-05-06,52.65877897,53.2615845,52.25415608,52.84044639,4188714,268183171.76,600941,中国移动,通讯
2022-05-09,52.70832463,53.5918889,52.53491482,53.37719104,3673789,236766874.5,600941,中国移动,通讯
2022-05-10,52.7661279,53.17075079,52.32847457,52.55968765,4219532,268941186.82,600941,中国移动,通讯
2022-05-11,52.40279306,52.5183996,51.197182,51.60180489,9865138,617032040.09,600941,中国移动,通讯
2022-05-12,51.33756137,52.2706713,51.22195483,52.15506476,5523786,346957270.82,600941,中国移动,通讯
2022-05-13,52.03120061,53.41022148,52.03120061,53.16249318,5084914,325931625.7,600941,中国移动,通讯
2022-05-16,53.1790084,53.89742047,52.91476488,53.73226827,3604467,233654480.77,600941,中国移动,通讯
2022-05-17,53.63317695,54.3350738,53.47628236,53.74052588,3104868,202016630.06,600941,中国移动,通讯
2022-05-18,53.74052588,54.97916738,53.60014651,54.82227279,4295217,282699910.17,600941,中国移动,通讯
2022-05-19,54.29378575,54.86356084,53.24506928,53.46802475,5322458,348591763.29,600941,中国移动,通讯
2022-05-20,53.5093128,54.54977166,53.48453997,54.500226,3972097,260784785.57,600941,中国移动,通讯
2022-05-23,54.40113468,55.04522826,54.01302701,54.90484889,3639918,240601171.15,600941,中国移动,通讯
2022-05-24,54.92136411,55.44985115,54.45893795,54.49196839,3186561,212020940.71,600941,中国移动,通讯
2022-05-25,54.49196839,55.94530775,54.40113468,55.62326096,4202738,282751084.53,600941,中国移动,通讯
2022-05-26,55.63977618,55.99485341,55.33424461,55.6562914,2402005,161849800.82,600941,中国移动,通讯
2022-05-27,55.5737153,55.59023052,55.1608348,55.31772939,2268551,152047920.58,600941,中国移动,通讯
2022-05-30,55.325987,55.75538272,54.69015103,55.22689568,2627026,175242532.74,600941,中国移动,通讯
2022-05-31,55.13606197,55.4911392,54.4176499,54.71492386,4678089,310783883.5,600941,中国移动,通讯
2022-06-01,55.11568384,55.11568384,53.9731248,54.39092624,3796505,242031531.28,600941,中国移动,通讯
2022-06-02,54.25450128,54.70640896,53.98165136,54.34829344,3160183,201376771.17,600941,中国移动,通讯
2022-06-06,54.07544352,54.37387312,53.717328,54.16070912,5256040,332779512.48,600941,中国移动,通讯
2022-06-07,54.16070912,54.996312,53.78554048,54.79167456,5764133,368578999.31,600941,中国移动,通讯
2022-06-08,54.80020112,55.51643216,54.3994528,55.43116656,3795029,244700938.66,600941,中国移动,通讯
2022-06-09,55.26916192,56.4458272,55.1668432,56.04507888,5496809,361656189.37,600941,中国移动,通讯
2022-06-10,55.81486176,56.83804896,55.74664928,55.848968,6748344,443544420.53,600941,中国移动,通讯
2022-06-13,55.82338832,56.15592416,54.74904176,54.93662608,3563958,230239217.69,600941,中国移动,通讯
2022-06-14,54.4847184,54.8684136,54.30566064,54.73198864,4509513,288644990.21,600941,中国移动,通讯
2022-06-15,54.80020112,54.97925888,54.2289216,54.28008096,5940677,380567290.41,600941,中国移动,通讯
2022-06-16,54.25450128,54.39092624,53.32510624,54.1010232,5646216,356007007.47,600941,中国移动,通讯
2022-06-17,53.6746952,54.08397008,53.3762656,53.5467968,6019731,378562190.55,600941,中国移动,通讯
2022-06-20,53.504164,53.5894296,53.13752192,53.3336328,5397141,337351723.33,600941,中国移动,通讯
2022-06-21,53.38479216,54.12660288,53.291,53.87933264,5603808,352987669.71,600941,中国移动,通讯
2022-06-22,53.81112016,53.83669984,52.012016,52.3104456,10324315,635379237.11,600941,中国移动,通讯
2022-06-23,52.06317536,52.5236096,51.77327232,51.97790976,6161437,375718049.58,600941,中国移动,通讯
2022-06-24,51.95233008,52.08875504,50.9888288,51.61979424,13605739,818049819.22,600941,中国移动,通讯
2022-06-27,51.53452864,51.6709536,51.00588192,51.43220992,11008864,661751572.65,600941,中国移动,通讯
2022-06-28,51.36399744,51.53452864,51.05704128,51.2446256,12502835,750612820.1,600941,中国移动,通讯
2022-06-29,51.15936,52.25928624,51.06556784,52.012016,11050291,670420545.9,600941,中国移动,通讯
2022-06-30,51.72211296,51.77327232,51.16788656,51.585688,9054543,545191414.98,600941,中国移动,通讯
2022-07-01,51.52600208,51.90969728,51.3298912,51.87559104,6630988,401389970.34,600941,中国移动,通讯
2022-07-04,51.8841176,51.97790976,51.3298912,51.43220992,5350630,323208588.22,600941,中国移动,通讯
2022-07-05,50.9888288,50.9888288,49.10445904,49.81216352,42555252,2478887814.88,600941,中国移动,通讯
2022-07-06,49.5393136,50.46018208,49.37730896,50.2214384,17580040,1028573216.24,600941,中国移动,通讯
2022-07-07,50.09354,50.4772352,49.64163232,50.23849152,9127399,536696360.21,600941,中国移动,通讯
2022-07-08,50.14469936,50.68187264,49.78658384,50.23849152,7755932,456526752.05,600941,中国移动,通讯
2022-07-11,50.24701808,50.95472256,49.94006192,50.80124448,6934544,411873716.85,600941,中国移动,通讯
2022-07-12,50.733032,51.35547088,50.53692112,50.80124448,7315811,436279674.74,600941,中国移动,通讯
2022-07-13,50.79271792,52.5236096,50.733032,51.7562192,9027694,546101646.09,600941,中国移动,通讯
2022-07-14,51.76474576,52.0972816,51.15936,51.29578496,5324933,321799362.77,600941,中国移动,通讯
2022-07-15,51.39810368,51.39810368,50.03385408,50.12764624,7982286,472811172.7,600941,中国移动,通讯
2022-07-18,50.12764624,50.80124448,49.38583552,50.72450544,6635858,390908780.14,600941,中国移动,通讯
2022-07-19,50.57955392,50.8182976,50.4772352,50.71597888,3776772,224524046.3,600941,中国移动,通讯
2022-07-20,50.71597888,51.87559104,50.63071328,51.46631616,6592509,397868963.24,600941,中国移动,通讯
2022-07-21,51.42368336,51.8841176,50.92061632,51.5430552,5775311,348738981.86,600941,中国移动,通讯
2022-07-22,51.4577896,52.012016,51.22757248,51.65390048,4343815,262730419.66,600941,中国移动,通讯
2022-07-25,51.52600208,51.73063952,51.01440848,51.61979424,3797669,229216646.49,600941,中国移动,通讯
2022-07-26,51.5430552,51.798852,50.92061632,51.57716144,5817763,350270871.93,600941,中国移动,通讯
2022-07-27,51.4577896,51.6283208,50.61366016,50.62218672,5459808,326272059.15,600941,中国移动,通讯
2022-07-28,50.75008512,50.83535072,50.2214384,50.2214384,6446095,381407694.35,600941,中国移动,通讯
2022-07-29,50.1361728,50.35786336,49.6245792,49.6245792,4474286,262425669.21,600941,中国移动,通讯
2022-08-01,49.65015888,50.28965088,49.38583552,50.2214384,7562368,441050135.06,600941,中国移动,通讯
2022-08-02,49.85479632,50.20438528,49.13003872,50.14469936,8017047,466339479.43,600941,中国移动,通讯
2022-08-03,49.9230088,50.11059312,49.50520736,49.54784016,4167941,243558047.01,600941,中国移动,通讯
2022-08-04,49.7098448,51.56863488,49.4966808,51.5430552,11038226,657023073.0,600941,中国移动,通讯
2022-08-05,51.48336928,52.651508,51.29578496,52.1399144,8838444,540318228.0,600941,中国移动,通讯
2022-08-08,51.9267504,52.60034864,50.6051336,51.0740944,7408341,445973875.0,600941,中国移动,通讯
2022-08-09,51.15083344,52.1825472,50.9888288,51.8414848,6227673,377714300.0,600941,中国移动,通讯
2022-08-10,51.64537392,52.2678128,51.372524,51.80737856,3984923,241635390.0,600941,中国移动,通讯
2022-08-11,51.83295824,52.40423776,51.82443168,52.3104456,5474640,335180539.0,600941,中国移动,通讯
2022-08-12,52.89025168,54.46766528,52.83909232,53.86227952,15021133,949053779.0,600941,中国移动,通讯
2022-08-15,53.85375296,54.56145744,53.57237648,53.87080608,8084989,511685589.98,600941,中国移动,通讯
2022-08-16,53.717328,54.143656,52.9499376,53.00109696,4772651,298457614.82,600941,中国移动,通讯
2022-08-17,53.01815008,53.26542032,52.5662424,53.077836,3771886,234247409.85,600941,中国移动,通讯
2022-08-18,52.864672,53.81964672,52.68561424,53.4615312,4341554,271894501.51,600941,中国移动,通讯
2022-08-19,53.1204688,54.6978824,53.1204688,54.24597472,6465901,411344244.49,600941,中国移动,通讯
2022-08-22,54.24597472,56.0194992,53.9731248,55.5931712,9397839,609430801.75,600941,中国移动,通讯
2022-08-23,55.43116656,55.57611808,54.8257808,55.35442752,5282566,342694449.48,600941,中国移动,通讯
2022-08-24,55.32032128,55.6784368,54.2289216,54.74904176,5582933,358974538.93,600941,中国移动,通讯
2022-08-25,54.62114336,56.1900304,54.62114336,55.64433056,7002408,456656765.58,600941,中国移动,通讯
2022-08-26,55.42264,55.8916008,55.10715728,55.56759152,4947388,321703814.24,600941,中国移动,通讯
2022-08-29,55.1668432,55.57611808,54.40797936,54.41650592,5485501,353359381.47,600941,中国移动,通讯
2022-08-30,54.6978824,54.85988704,53.65764208,54.6552496,5028378,320374132.03,600941,中国移动,通讯
2022-08-31,54.63819648,56.07918512,54.49324496,54.58703712,9841575,636923180.56,600941,中国移动,通讯
2022-09-01,54.67230272,55.49085248,54.59556368,54.96220576,4443707,286728298.88,600941,中国移动,通讯
2022-09-02,54.96220576,55.27768848,54.32271376,54.72346208,3613467,232112474.89,600941,中国移动,通讯
2022-09-05,54.72346208,56.4458272,54.56145744,55.5079056,8243615,537600380.97,600941,中国移动,通讯
2022-09-06,55.9996255,55.9996255,54.6999635,55.288324,7477677,469803610.28,600941,中国移动,通讯
2022-09-07,55.1390385,55.990844,54.884375,55.9118105,4676328,296023300.12,600941,中国移动,通讯
2022-09-08,55.867903,57.237817,55.67471,56.9129015,6565543,425061098.17,600941,中国移动,通讯
2022-09-09,56.8602125,58.0369335,56.8602125,57.4046655,5644748,369481535.78,600941,中国移动,通讯
2022-09-13,57.360758,57.694455,56.4211375,56.8953385,4800358,310654392.4,600941,中国移动,通讯
2022-09-14,56.394793,56.7548345,55.815214,56.236726,4274263,273466100.08,600941,中国移动,通讯
2022-09-15,56.236726,56.72849,56.008407,56.535297,4643904,298128605.9,600941,中国移动,通讯
2022-09-16,56.412356,56.535297,55.7186175,55.762525,5982783,381934614.12,600941,中国移动,通讯
2022-09-19,55.762525,56.72849,55.3497945,56.517734,5878159,375513895.77,600941,中国移动,通讯
2022-09-20,56.5616415,56.9831535,56.0698775,56.535297,3894455,249834092.14,600941,中国移动,通讯
2022-09-21,56.289415,56.7197085,56.1225665,56.2016,3234464,207839515.32,600941,中国移动,通讯
2022-09-22,55.9996255,57.0358425,54.919501,56.658238,6222081,396654401.03,600941,中国移动,通讯
2022-09-23,56.447482,60.4957535,56.3860115,60.06546,14208603,956232787.14,600941,中国移动,通讯
2022-09-26,59.679074,59.854704,57.659329,58.1247485,11464658,764688720.82,600941,中国移动,通讯
2022-09-27,58.203782,60.2498715,58.063278,59.8634855,9898948,668224034.88,600941,中国移动,通讯
2022-09-28,59.275125,60.8294505,58.8623945,58.9150835,9532239,651730633.22,600941,中国移动,通讯
2022-09-29,58.83605,59.696637,58.590168,59.275125,4243001,285582369.16,600941,中国移动,通讯
2022-09-30,58.853613,60.557224,58.396975,60.0039895,4969520,337690115.42,600941,中国移动,通讯
2022-10-10,59.9161745,63.4639005,59.784452,62.471591,13508961,961238154.94,600941,中国移动,通讯
2022-10-11,62.331087,63.0950775,61.189492,62.3047425,6582936,464754469.86,600941,中国移动,通讯
2022-10-12,61.8129785,63.665875,61.8129785,62.4628095,6528262,465905381.55,600941,中国移动,通讯
2022-10-13,61.9183565,62.822851,61.435374,61.979827,7089132,501322736.91,600941,中国移动,通讯
2022-10-14,61.979827,62.4101205,60.047897,60.469409,10993038,764860209.62,600941,中国移动,通讯
2022-10-17,60.311342,61.8832305,60.153275,60.8294505,7247399,502709784.56,600941,中国移动,通讯
2022-10-18,60.486972,61.6724745,59.977645,60.539661,7073090,487564963.04,600941,中国移动,通讯
2022-10-19,59.977645,61.7778525,59.8107965,61.64613,7735290,536544053.09,600941,中国移动,通讯
2022-10-20,61.11924,62.787725,60.118149,60.715291,8523095,595575244.88,600941,中国移动,通讯
2022-10-21,58.83605,60.926047,57.9579,59.5824775,9884161,672358692.57,600941,中国移动,通讯
2022-10-24,59.7142,60.381594,58.607731,59.0028985,7927420,536876102.49,600941,中国移动,通讯
2022-10-25,59.0380245,59.573696,57.3695395,58.3881935,7407573,491967388.28,600941,中国移动,通讯
2022-10-26,58.3881935,59.275125,57.7910515,58.203782,6913842,461652363.42,600941,中国移动,通讯
2022-10-27,58.326723,60.451846,58.010589,59.7581075,8195235,555168270.66,600941,中国移动,通讯
2022-10-28,59.53857,60.0566785,58.7218905,58.818487,5874102,396869946.97,600941,中国移动,通讯
2022-10-31,58.5111345,59.626385,57.940337,59.01168,6134719,410436166.12,600941,中国移动,通讯
2022-11-01,58.6340755,61.6900375,58.6340755,60.94361,8556691,591452656.54,600941,中国移动,通讯
2022-11-02,60.76798,61.6197855,59.608822,60.522098,9172297,631217057.69,600941,中国移动,通讯
2022-11-03,60.522098,60.522098,58.748235,58.9677725,8497799,573642678.88,600941,中国移动,通讯
2022-11-04,58.8448315,60.3728125,58.66042,59.5824775,8697797,589825568.82,600941,中国移动,通讯
2022-11-07,59.3717215,59.573696,57.8788665,58.080841,9027918,601364992.6,600941,中国移动,通讯
2022-11-08,58.098404,58.66042,57.852522,58.4935715,6347905,421179152.06,600941,中国移动,通讯
2022-11-09,58.4760085,58.5462605,57.975463,58.1950005,4390751,290902828.85,600941,中国移动,通讯
2022-11-10,58.045715,58.344286,57.8964295,57.9315555,4717389,311725645.12,600941,中国移动,通讯
2022-11-11,58.519916,58.906302,57.8261775,58.5462605,7318837,487054908.66,600941,中国移动,通讯
2022-11-14,58.5462605,58.572605,56.7197085,56.991935,9768568,638988446.16,600941,中国移动,通讯
2022-11-15,56.6494565,57.6856735,56.6494565,57.272943,7248852,472295505.1,600941,中国移动,通讯
2022-11-16,57.2817245,57.78227,57.07975,57.2992875,4583067,299540359.36,600941,中国移动,通讯
2022-11-17,57.343195,57.852522,56.6494565,56.9304645,6720349,437752864.87,600941,中国移动,通讯
2022-11-18,57.062187,58.7218905,56.886557,58.186219,9448004,624473889.46,600941,中国移动,通讯
2022-11-21,58.0018075,59.3014695,57.975463,58.098404,7062190,472102032.52,600941,中国移动,通讯
2022-11-22,57.9666815,62.454028,57.870085,61.558315,24625650,1707641013.39,600941,中国移动,通讯
2022-11-23,61.1982735,61.417811,59.7142,60.2147455,8507700,586749134.08,600941,中国移动,通讯
2022-11-24,59.924956,60.7591985,59.696637,59.8107965,4996363,341846255.77,600941,中国移动,通讯
2022-11-25,59.7405445,63.332178,59.415629,63.2268,14556390,1032768138.56,600941,中国移动,通讯
2022-11-28,62.787725,63.57806,62.3749945,63.490245,8913597,640910686.85,600941,中国移动,通讯
2022-11-29,63.3585225,63.57806,61.99739,62.4803725,9530607,680586065.88,600941,中国移动,通讯
2022-11-30,62.5154985,66.7394,62.085205,64.8162515,15819291,1165370752.16,600941,中国移动,通讯
2022-12-01,64.5703695,67.9073395,63.6746565,64.9040665,17857940,1331379262.93,600941,中国移动,通讯
2022-12-02,63.9029755,64.7986885,63.2355815,63.613186,8239610,600051456.92,600941,中国移动,通讯
2022-12-05,63.8327235,68.32007,63.8327235,68.1356585,16843820,1283889084.41,600941,中国移动,通讯
2022-12-06,67.44192,69.584606,67.318979,67.4507015,12718188,987777598.51,600941,中国移动,通讯
2022-12-07,67.09066,67.44192,64.421084,64.63184,12728776,946659258.94,600941,中国移动,通讯
2022-12-08,64.596714,64.596714,62.87554,63.1828925,8685602,627684753.57,600941,中国移动,通讯
2022-12-09,63.209237,64.45621,62.87554,64.0083535,7522790,546115781.73,600941,中国移动,通讯
2022-12-12,63.2180185,66.001754,62.963355,64.7635625,8789151,651741219.84,600941,中国移动,通讯
2022-12-13,64.368395,65.86125,63.911757,64.45621,4992278,368506859.96,600941,中国移动,通讯
2022-12-14,64.684529,64.684529,63.121422,63.3760855,5337517,386303825.23,600941,中国移动,通讯
2022-12-15,63.033607,63.9205385,63.033607,63.0950775,3681871,265897701.17,600941,中国移动,通讯
2022-12-16,62.770162,63.016044,62.0061715,62.331087,6744415,478778281.98,600941,中国移动,通讯
2022-12-19,62.436465,62.5506245,60.364031,60.399157,7608404,528630425.47,600941,中国移动,通讯
2022-12-20,60.5835685,61.242181,59.8810485,60.59235,6241444,430528031.22,600941,中国移动,通讯
2022-12-21,60.539661,61.242181,60.41672,60.59235,4384022,303078277.68,600941,中国移动,通讯
2022-12-22,60.838232,62.2344905,60.3552495,61.066551,8233218,573949118.81,600941,中国移动,通讯
2022-12-23,60.855795,61.048988,59.9337375,60.9875175,5061318,348756250.49,600941,中国移动,通讯
2022-12-26,60.680165,62.5506245,60.609913,62.4803725,6813035,479774589.94,600941,中国移动,通讯
2022-12-27,62.6384395,63.7097825,62.085205,63.2355815,4782015,344930210.67,600941,中国移动,通讯
2022-12-28,63.0423885,63.5517155,61.909575,62.34865,4141370,295214695.19,600941,中国移动,通讯
2022-12-29,62.17302,62.313524,60.2498715,60.41672,7649500,530679323.41,600941,中国移动,通讯
2022-12-30,60.24109,60.451846,59.257562,59.4244105,9531833,647201753.27,600941,中国移动,通讯
2023-01-03,59.4244105,63.384867,59.275125,63.1828925,12678466,894439443.37,600941,中国移动,通讯
2023-01-04,63.05117,64.877722,62.787725,64.4298655,9235592,673027590.8,600941,中国移动,通讯
2023-01-05,64.1664205,66.651585,64.1664205,64.9743185,10953241,818494900.85,600941,中国移动,通讯
2023-01-06,64.8513775,65.0094445,63.2268,64.508899,7900872,576384307.62,600941,中国移动,通讯
2023-01-09,64.4474285,65.5538975,64.2191095,64.403521,6321712,467310894.19,600941,中国移动,通讯
2023-01-10,64.403521,64.912848,63.7624715,64.157639,3319015,242831743.3,600941,中国移动,通讯
2023-01-11,64.0961685,65.4133935,63.999572,65.2377635,6012511,444337088.64,600941,中国移动,通讯
2023-01-12,65.246545,67.547298,64.80747,66.6954925,8970698,677952333.51,600941,中国移动,通讯
2023-01-13,66.7833075,67.705365,65.703183,66.2564175,10225574,773008460.89,600941,中国移动,通讯
2023-01-16,66.2564175,66.2564175,64.2717985,64.8162515,10275386,762049187.24,600941,中国移动,通讯
2023-01-17,64.825033,65.15873,64.017135,64.4825545,5730078,420600826.13,600941,中国移动,通讯
2023-01-18,64.4825545,65.949065,64.4474285,65.439738,6051688,450284680.71,600941,中国移动,通讯
2023-01-19,65.3431415,65.949065,65.141167,65.492427,3425773,255667182.2,600941,中国移动,通讯
2023-01-20,65.5538975,69.2421275,65.439738,68.3815405,13139136,1018035730.4,600941,中国移动,通讯
2023-01-30,69.3475055,69.54948,66.3091065,66.38814,11875337,906198921.96,600941,中国移动,通讯
2023-01-31,66.0456615,67.002845,65.9754095,66.879904,5224703,396472087.09,600941,中国移动,通讯
2023-02-01,66.7306185,68.67133,66.475955,67.6614575,10186554,786904862.6,600941,中国移动,通讯
2023-02-02,67.635113,68.565952,67.1872565,67.2750715,5816252,448048940.62,600941,中国移动,通讯
2023-02-03,66.91503,68.5396075,66.4320475,68.3288515,6813433,524530273.19,600941,中国移动,通讯
2023-02-06,67.8370875,69.54948,67.8370875,68.8030525,7906539,621494840.39,600941,中国移动,通讯
2023-02-07,68.724019,68.8733045,67.002845,67.44192,6980003,536601815.51,600941,中国移动,通讯
2023-02-08,67.4507015,67.951247,66.6779295,66.985282,3733852,285735192.32,600941,中国移动,通讯
2023-02-09,66.7394,67.5560795,66.56377,67.354105,5162166,394712998.16,600941,中国移动,通讯
2023-02-10,67.178475,67.529735,66.511081,66.827215,6256341,476586776.92,600941,中国移动,通讯
2023-02-13,66.8359965,67.248727,66.6428035,66.91503,5445031,414529088.58,600941,中国移动,通讯
2023-02-14,66.9589375,67.44192,65.615368,66.089569,6881437,519777879.05,600941,中国移动,通讯
2023-02-15,65.422175,66.9940635,64.9831,66.7394,11016542,830250122.6,600941,中国移动,通讯
2023-02-16,66.405703,72.0083,66.370577,68.32007,21309683,1677357852.16,600941,中国移动,通讯
2023-02-17,68.0654065,68.934775,66.2564175,66.56377,10356104,788954174.04,600941,中国移动,通讯
2023-02-20,66.9062485,71.569225,66.9062485,70.884268,18530291,1482734684.89,600941,中国移动,通讯
2023-02-21,70.95452,71.095024,69.110405,70.252,13060248,1039316482.31,600941,中国移动,通讯
2023-02-22,69.37385,69.760236,68.4166665,68.618641,7791948,609395465.54,600941,中国移动,通讯
2023-02-23,68.5044815,69.1894385,68.1005325,68.653767,5485670,429484395.46,600941,中国移动,通讯
2023-02-24,68.6801115,68.7503635,67.9775915,68.3991035,5521943,429433976.05,600941,中国移动,通讯
2023-02-27,68.32007,69.7690175,67.863432,68.934775,7844377,617939104.38,600941,中国移动,通讯
2023-02-28,70.252,71.744855,69.5055725,70.77889,17739676,1425391755.72,600941,中国移动,通讯
2023-03-01,70.708638,75.4769925,70.322252,74.3002715,25567788,2142188361.94,600941,中国移动,通讯
2023-03-02,73.676785,75.766782,73.325525,74.4056495,14879336,1264153062.02,600941,中国移动,通讯
2023-03-03,74.238801,78.137787,73.817289,76.311235,17193423,1494223972.4,600941,中国移动,通讯
2023-03-06,77.294763,82.1860585,76.838125,78.68224,26026986,2342773356.2,600941,中国移动,通讯
2023-03-07,78.50661,79.91165,74.800817,75.837034,28019604,2456666588.69,600941,中国移动,通讯
2023-03-08,74.906195,77.80409,74.46712,77.7601825,20081165,1739141625.47,600941,中国移动,通讯
2023-03-09,76.8644695,82.0806805,75.222329,79.5691715,26734693,2380884749.45,600941,中国移动,通讯
2023-03-10,78.7963995,82.440722,77.9182495,78.50661,20963344,1906115818.47,600941,中国移动,通讯
2023-03-13,79.2530375,86.357271,79.2530375,86.357271,34548575,3293703371.2,600941,中国移动,通讯
2023-03-14,86.357271,88.324327,84.917105,86.2079855,31987700,3144492520.79,600941,中国移动,通讯
2023-03-15,86.2079855,87.3495805,83.42425,87.1388245,26950883,2613770483.92,600941,中国移动,通讯
2023-03-16,86.0587,90.203568,85.7162215,87.867689,30073345,3009577451.43,600941,中国移动,通讯
2023-03-17,87.094917,88.9126875,86.146515,88.780965,27671591,2767071703.66,600941,中国移动,通讯
2023-03-20,88.16626,88.587772,80.08728,80.754674,51813170,4961325235.68,600941,中国移动,通讯
2023-03-21,80.0960615,81.404505,79.1300965,80.43854,29725289,2709400180.06,600941,中国移动,通讯
2023-03-22,80.0609355,82.089462,78.8315255,80.842489,27238703,2508713390.89,600941,中国移动,通讯
2023-03-23,80.2892545,82.4846295,79.226693,81.738202,32240540,2970655437.59,600941,中国移动,通讯
2023-03-24,81.580135,81.6591685,77.347452,79.788709,44503932,4004497046.05,600941,中国移动,通讯
2023-03-27,78.9544665,79.1652225,76.170731,77.2332925,35308484,3111932593.98,600941,中国移动,通讯
2023-03-28,77.242074,78.418795,76.75031,77.681149,25509285,2259002105.17,600941,中国移动,通讯
2023-03-29,77.10157,78.4978285,75.5648075,77.97972,22288996,1956984433.28,600941,中国移动,通讯
2023-03-30,77.2772,77.681149,74.4583385,75.819471,25943630,2244646051.99,600941,中国移动,通讯
2023-03-31,75.8633785,79.7096755,75.8633785,79.0071555,25505487,2264737592.58,600941,中国移动,通讯
2023-04-03,78.418795,82.107025,77.435267,81.422068,31470563,2854050812.93,600941,中国移动,通讯
2023-04-04,80.7898,87.1915135,80.491229,85.3473985,36110611,3473444195.66,600941,中国移动,通讯
2023-04-06,83.8721065,86.462649,82.72173,85.3473985,19496608,1884871178.33,600941,中国移动,通讯
2023-04-07,84.9083235,86.8402535,84.1179885,84.759038,14307820,1386517431.86,600941,中国移动,通讯
2023-04-10,84.776601,87.305673,84.003829,85.4000875,19096731,1869087793.67,600941,中国移动,通讯
2023-04-11,85.426432,85.426432,81.66795,83.0642085,17956868,1694135940.5,600941,中国移动,通讯
2023-04-12,82.72173,86.58559,82.3616885,85.4000875,16586896,1608305487.24,600941,中国移动,通讯
2023-04-13,85.00492,86.339708,83.2047125,83.512065,15602637,1505747896.0,600941,中国移动,通讯
2023-04-14,83.512065,87.46374,83.020301,86.322145,18435234,1806995747.31,600941,中国移动,通讯
2023-04-17,86.3133635,90.44945,85.35618,90.2826015,26066336,2639747789.82,600941,中国移动,通讯
2023-04-18,90.186005,93.0839,88.69315,92.802892,25030772,2592250877.95,600941,中国移动,通讯
2023-04-19,91.766675,92.170624,88.499957,89.290292,19477417,1999540105.13,600941,中国移动,通讯
2023-04-20,88.587772,91.5471375,87.498866,90.186005,21582400,2200896176.47,600941,中国移动,通讯
2023-04-21,89.255166,92.644825,87.7184035,88.9478135,22776117,2339167972.76,600941,中国移动,通讯
2023-04-24,88.078445,90.3528535,87.200295,88.51752,14958334,1509739948.11,600941,中国移动,通讯
2023-04-25,88.096008,90.80071,87.375925,89.483485,16921914,1719832901.7,600941,中国移动,通讯
2023-04-26,88.6843685,89.0356285,84.3024,85.602062,18462293,1816085546.29,600941,中国移动,通讯
2023-04-27,84.723912,87.815,84.3463075,87.28811,11589552,1149052791.23,600941,中国移动,通讯
2023-04-28,86.93685,89.22004,86.7348755,88.798528,12243268,1227804346.91,600941,中国移动,通讯
2023-05-04,88.6668055,91.3276,87.727185,91.187096,15569863,1601754339.47,600941,中国移动,通讯
2023-05-05,90.4933575,91.7754565,88.640461,89.5449555,10968419,1121580475.26,600941,中国移动,通讯
2023-05-08,90.537265,96.2364585,89.5800815,94.5328475,25940933,2754880941.0,600941,中国移动,通讯
2023-05-09,94.120117,94.401125,90.44945,91.081718,14761150,1554824427.46,600941,中国移动,通讯
2023-05-10,90.537265,91.573482,89.22004,90.44945,11072084,1140076087.29,600941,中国移动,通讯
2023-05-11,89.8786525,90.010375,86.0147925,87.7710925,17527173,1748520447.24,600941,中国移动,通讯
2023-05-12,87.7008405,88.658024,84.3024,84.425341,18704576,1826505315.26,600941,中国移动,通讯
2023-05-15,83.863325,85.7864735,81.211312,85.1015165,22099593,2091176050.31,600941,中国移动,通讯
2023-05-16,84.741475,85.3649615,82.704167,82.7480745,13321713,1273652932.41,600941,中国移动,通讯
2023-05-17,81.66795,81.84358,79.20913,79.9906835,24762835,2259420022.14,600941,中国移动,通讯
2023-05-18,80.368288,82.265092,79.999465,81.14106,18408280,1706395690.55,600941,中国移动,通讯
2023-05-19,80.8688335,82.458285,79.806272,81.7645465,13252758,1228885696.39,600941,中国移动,通讯
2023-05-22,81.580135,84.021392,80.96543,82.9588305,13727736,1297127741.8,600941,中国移动,通讯
2023-05-23,82.5461,83.687695,80.4121955,80.43854,12777300,1187218062.07,600941,中国移动,通讯
2023-05-24,80.2190025,80.982993,79.1300965,79.2881635,13184111,1201633839.57,600941,中国移动,通讯
2023-05-25,79.3759785,80.43854,78.102661,80.350725,13517365,1220887947.83,600941,中国移动,通讯
2023-05-26,79.91165,83.07299,79.8326165,82.3441255,18001541,1682614155.32,600941,中国移动,通讯
2023-05-29,82.37047,84.2936185,82.37047,82.9412675,11275556,1069800331.85,600941,中国移动,通讯
2023-05-30,82.475848,85.092735,81.861143,84.706349,14645565,1404164434.05,600941,中国移动,通讯
2023-05-31,84.319963,86.0674815,84.038955,84.65366,12526703,1214495572.64,600941,中国移动,通讯
2023-06-01,84.565845,86.9456315,84.284837,86.796346,14426751,1413067938.15,600941,中国移动,通讯
2023-06-02,86.93685,87.7710925,85.619625,87.1915135,9885065,978922906.67,600941,中国移动,通讯
2023-06-05,87.252984,87.516429,85.4000875,85.619625,9006593,884440815.6,600941,中国移动,通讯
2023-06-06,85.70744,87.252984,85.496684,86.3484895,8566943,844663950.57,600941,中国移动,通讯
2023-06-07,86.64422928,87.4687296,85.0490004,85.9003866,7834327,751023075.96,600941,中国移动,通讯
2023-06-08,85.8555768,87.54042528,85.0041906,86.8413924,7954290,767979599.54,600941,中国移动,通讯
2023-06-09,86.6621532,92.00348136,86.18716932,92.00348136,14658557,1456332139.66,600941,中国移动,通讯
2023-06-12,90.22901328,91.411992,88.9026432,89.4403608,10116903,1013877915.48,600941,中国移动,通讯
2023-06-13,89.34177924,90.1125078,86.482914,87.39703392,14509006,1412827308.23,600941,中国移动,通讯
2023-06-14,87.1998708,87.2894904,85.88246268,86.482914,12200998,1175947630.85,600941,中国移动,通讯
2023-06-15,86.76073476,87.72862644,85.9900062,87.08336532,10956828,1060625559.1,600941,中国移动,通讯
2023-06-16,87.07440336,87.1998708,85.3178592,85.80180504,14497105,1391845216.11,600941,中国移动,通讯
2023-06-19,85.83765288,86.46499008,83.39999976,86.034816,17282331,1644209671.86,600941,中国移动,通讯
2023-06-20,85.6763376,86.08858776,84.22450008,84.690522,11650932,1104924289.65,600941,中国移动,通讯
2023-06-21,83.87498364,84.21553812,82.450032,82.74577668,15071789,1397067983.78,600941,中国移动,通讯
2023-06-26,81.84061872,85.13862,81.67930344,83.38207584,13407232,1255324025.95,600941,中国移动,通讯
2023-06-27,83.8391358,86.2140552,83.1669888,84.6457122,13678925,1296477926.97,600941,中国移动,通讯
2023-06-28,84.26930988,84.58297848,83.14906488,83.74055424,9122976,852557588.5,600941,中国移动,通讯
2023-06-29,83.2117986,84.8249514,83.2117986,84.26034792,8317191,780648168.4,600941,中国移动,通讯
2023-06-30,83.8391358,84.41270124,83.2566084,83.6150868,8252287,770161907.14,600941,中国移动,通讯
2023-07-03,83.6150868,85.87350072,82.82643432,84.9593808,14319844,1345023405.31,600941,中国移动,通讯
2023-07-04,84.63675024,85.586718,84.52024476,85.30889724,9382223,892116053.83,600941,中国移动,通讯
2023-07-05,85.14758196,85.62256584,84.09007068,84.52920672,8712291,822255291.87,600941,中国移动,通讯
2023-07-06,84.52024476,85.3178592,83.99148912,84.43062516,6211577,586715005.07,600941,中国移动,通讯
2023-07-07,84.0631848,84.690522,83.24764644,83.51650524,6129118,573008976.0,600941,中国移动,通讯
2023-07-10,83.67782052,84.54713064,82.96982568,83.346228,5378691,501373666.66,600941,中国移动,通讯
2023-07-11,83.37311388,84.22450008,83.24764644,83.6598966,5377311,501949843.57,600941,中国移动,通讯
2023-07-12,83.6598966,83.6598966,81.329787,81.4642164,14199468,1301546600.63,600941,中国移动,通讯
2023-07-13,81.9123144,82.8533202,81.3745968,82.36937436,9602328,878721995.77,600941,中国移动,通讯
2023-07-14,82.3604124,87.6927786,82.35145044,85.4522886,29233523,2783120155.34,600941,中国移动,通讯
2023-07-17,85.4074788,87.30741432,84.6009024,85.38955488,13732359,1316996498.55,600941,中国移动,通讯
2023-07-18,85.0490004,85.87350072,84.690522,85.23720156,5558606,529341373.44,600941,中国移动,通讯
2023-07-19,85.23720156,86.24094108,84.89664708,85.362669,4571380,435290544.87,600941,中国移动,通讯
2023-07-20,85.44332664,85.69426152,84.70844592,84.86079924,5756959,547340588.04,600941,中国移动,通讯
2023-07-21,84.690522,85.4522886,84.1079946,84.9593808,4489395,425408122.69,600941,中国移动,通讯
2023-07-24,84.86079924,86.80554456,84.4216632,86.5277238,9176283,882961843.11,600941,中国移动,通讯
2023-07-25,87.37014804,87.603159,85.13862,85.586718,10662102,1019524832.97,600941,中国移动,通讯
2023-07-26,85.586718,85.79284308,84.5112828,84.7801416,4836577,458582674.8,600941,中国移动,通讯
2023-07-27,84.7801416,85.2730494,84.20657616,84.4216632,5418019,512454876.96,600941,中国移动,通讯
2023-07-28,84.1079946,85.7659572,83.2566084,85.19239176,11629817,1097536160.52,600941,中国移动,通讯
2023-07-31,85.3178592,85.4970984,83.78536404,84.018375,13827420,1300511913.68,600941,中国移动,通讯
2023-08-01,83.8839456,84.65467416,83.57923896,84.50232084,6213529,584131735.48,600941,中国移动,通讯
2023-08-02,84.31411968,84.43958712,83.64197268,83.69574444,5122469,479127325.21,600941,中国移动,通讯
2023-08-03,83.6150868,84.44854908,83.50754328,83.91083148,5542838,519591282.96,600941,中国移动,通讯
2023-08-04,84.22450008,87.37911,84.1528044,86.85035436,19546505,1884483798.09,600941,中国移动,通讯
2023-08-07,86.04377796,86.59045752,85.4970984,86.32159872,6925485,665289679.6,600941,中国移动,通讯
2023-08-08,86.3036748,87.22675668,86.034816,86.69800104,5112942,494967480.9,600941,中国移动,通讯
2023-08-09,86.65319124,86.92205004,86.14235952,86.23197912,3953259,381429201.21,600941,中国移动,通讯
2023-08-10,86.6173434,87.58523508,86.26782696,87.36118608,6762956,657522870.76,600941,中国移动,通讯
2023-08-11,87.6479688,90.03185016,87.1102512,87.827208,15543222,1538884896.44,600941,中国移动,通讯
2023-08-14,86.931012,89.7988392,86.8413924,89.25215964,13527029,1339163767.71,600941,中国移动,通讯
2023-08-15,89.27008356,89.78091528,88.41869736,89.25215964,8538466,849882299.6,600941,中国移动,通讯
2023-08-16,89.0370726,89.7988392,85.14758196,86.47395204,12083414,1170295425.7,600941,中国移动,通讯
2023-08-17,85.90934856,86.55460968,85.13862,86.33056068,6731358,644590701.21,600941,中国移动,通讯
2023-08-18,86.3036748,86.74281084,84.4216632,84.60986436,5905876,562433026.23,600941,中国移动,通讯
2023-08-21,84.8697612,88.60689852,84.7801416,87.25364256,12186847,1185639851.25,600941,中国移动,通讯
2023-08-22,87.83616996,90.49787208,87.04751748,90.0228882,15923518,1587695857.05,600941,中国移动,通讯
2023-08-23,89.5299804,90.067698,88.64274636,88.91160516,8430205,841635796.84,600941,中国移动,通讯
2023-08-24,89.04603456,89.395551,86.94893592,87.81824604,9348187,916061146.4,600941,中国移动,通讯
2023-08-25,86.931012,88.051257,86.09754972,87.45976764,7898241,766249296.18,600941,中国移动,通讯
2023-08-28,90.4709862,90.90116028,87.827208,88.3201158,11308511,1122391656.69,600941,中国移动,通讯
2023-08-29,88.0960668,89.45828472,87.62108292,88.1408766,9499014,935966029.15,600941,中国移动,通讯
2023-08-30,88.21257228,88.53520284,87.6927786,88.41869736,7706178,757753157.06,600941,中国移动,通讯
2023-08-31,88.5441648,90.40825248,88.275306,90.04977408,12446583,1244773289.6,600941,中国移动,通讯
2023-09-01,90.07728076,90.07728076,88.28105052,88.8034236,8815734,856636200.11,600941,中国移动,通讯
2023-09-04,88.88590356,91.01205364,88.88590356,89.79318312,8987345,882556792.16,600941,中国移动,通讯
2023-09-05,89.78401868,89.811512,88.51932596,88.88590356,6180555,599268965.98,600941,中国移动,通讯
2023-09-06,88.77593028,88.79425916,87.28212656,88.0244462,6052788,580772294.93,600941,中国移动,通讯
2023-09-07,87.96945956,88.895068,87.6120464,88.26272164,4910735,473551181.95,600941,中国移动,通讯
2023-09-08,87.98778844,90.60881828,87.71285524,89.50908548,7726581,752563907.08,600941,中国移动,通讯
2023-09-11,90.1780896,90.9112448,89.4907566,90.23307624,6309068,620707735.27,600941,中国移动,通讯
2023-09-12,90.3155562,91.47944008,89.77485424,91.0945336,5379752,532733088.07,600941,中国移动,通讯
2023-09-13,91.16784912,91.5069334,90.55383164,91.30531572,5778683,573661130.1,600941,中国移动,通讯
2023-09-14,91.33280904,93.67890568,91.30531572,92.89992828,9470290,959473546.54,600941,中国移动,通讯
2023-09-15,92.560844,93.77055008,91.90100432,93.44979468,7132227,723640226.92,600941,中国移动,通讯
2023-09-18,93.05572376,93.05572376,90.6821338,90.93873812,8395027,835387801.25,600941,中国移动,通讯
2023-09-19,91.0028892,92.7441328,90.88375148,92.45087072,6511238,653669830.64,600941,中国移动,通讯
2023-09-20,92.67998172,93.62391904,91.8276888,92.0109776,4400919,444181727.4,600941,中国移动,通讯
2023-09-21,92.0109776,92.560844,91.4611112,91.99264872,4628543,464448328.87,600941,中国移动,通讯
2023-09-22,91.85518212,91.99264872,90.34304952,91.51609784,6777697,672828927.11,600941,中国移动,通讯
2023-09-25,91.60774224,91.61690668,90.43469392,90.92040924,5240500,519408936.12,600941,中国移动,通讯
2023-09-26,90.90208036,91.43361788,88.51932596,89.06002792,10031188,979925209.54,600941,中国移动,通讯
2023-09-27,89.08752124,89.35329,88.73927252,89.124179,4806852,467355999.69,600941,中国移动,通讯
2023-09-28,89.41744108,89.47242772,88.1619128,88.73010808,7166650,693035181.6,600941,中国移动,通讯
2023-10-09,88.73010808,91.58024892,88.2535572,90.75544932,10718273,1055714181.41,600941,中国移动,通讯
2023-10-10,90.64547604,91.03038252,89.811512,90.47135168,4340473,427591728.2,600941,中国移动,通讯
2023-10-11,90.48051612,90.6363116,89.2616456,90.040623,4928663,483108995.46,600941,中国移动,通讯
2023-10-12,90.6363116,91.25949352,89.6740454,90.43469392,5281962,522426530.82,600941,中国移动,通讯
2023-10-13,90.43469392,91.99264872,90.10477408,91.39696012,6408834,638618430.92,600941,中国移动,通讯
2023-10-16,91.40612456,92.2859108,90.75544932,91.51609784,5223195,521943838.49,600941,中国移动,通讯
2023-10-17,91.9193332,95.39265596,91.186178,94.77863848,12076985,1240895359.01,600941,中国移动,通讯
2023-10-18,94.3020876,94.77863848,93.248177,94.0271544,6030410,619822775.09,600941,中国移动,通讯
2023-10-19,93.5231102,93.82553672,91.81852436,92.09345756,6660027,672521918.39,600941,中国移动,通讯
2023-10-20,92.102622,92.2859108,89.5365788,90.26056956,8085790,795638659.77,600941,中国移动,通讯
2023-10-23,89.811512,90.9112448,89.35329,90.498845,7026254,692283926.76,600941,中国移动,通讯
2023-10-24,90.4530228,90.98456032,87.41042872,87.978624,15011594,1449453302.58,600941,中国移动,通讯
2023-10-25,88.33603716,88.3452016,83.58885724,84.2212036,23404709,2173696047.12,600941,中国移动,通讯
2023-10-26,82.96567532,85.11931872,82.50745332,85.05516764,11266998,1034357500.29,600941,中国移动,通讯
2023-10-27,84.66109672,85.46756744,84.312848,85.12848316,7895757,732240174.61,600941,中国移动,通讯
2023-10-30,84.39532796,85.0460032,82.021738,83.55219948,15818502,1432571363.01,600941,中国移动,通讯
2023-10-31,83.396404,85.16514092,83.03899084,84.62443896,10099648,930170358.7,600941,中国移动,通讯
2023-11-01,84.312848,86.11824268,83.396404,85.687514,8882912,825987563.47,600941,中国移动,通讯
2023-11-02,85.67834956,86.31069592,85.11931872,85.85247392,6614160,619755803.92,600941,中国移动,通讯
2023-11-03,85.7791584,86.42983364,85.2751142,85.84330948,4932022,461886261.81,600941,中国移动,通讯
2023-11-06,85.84330948,85.84330948,83.0298264,83.5338706,19873493,1810226671.97,600941,中国移动,通讯
2023-11-07,83.28643072,83.8088038,82.48912444,83.52470616,13204964,1198578128.04,600941,中国移动,通讯
2023-11-08,83.2589374,84.01042148,82.51661776,83.83629712,13906672,1260533461.26,600941,中国移动,通讯
2023-11-09,83.31392404,83.64384388,82.9840042,83.2131152,7770987,705418227.61,600941,中国移动,通讯
2023-11-10,83.3047596,83.46971952,82.56243996,83.2131152,7878273,714790250.01,600941,中国移动,通讯
2023-11-13,83.2131152,83.6713372,83.0298264,83.396404,5406617,491740623.56,600941,中国移动,通讯
2023-11-14,83.4880484,83.60718612,82.91068868,83.19478632,4665415,423399324.01,600941,中国移动,通讯
2023-11-15,83.37807512,83.41473288,82.49828888,82.69990656,9502156,856963052.05,600941,中国移动,通讯
2023-11-16,82.68157768,83.08481304,81.45354272,83.0298264,12201627,1095450530.7,600941,中国移动,通讯
2023-11-17,82.47996,82.6632488,81.563516,81.95758692,11162729,996763256.07,600941,中国移动,通讯
2023-11-20,81.8842714,82.09505352,81.37106276,81.4260494,7760433,691021748.9,600941,中国移动,通讯
2023-11-21,81.41688496,81.41688496,80.647072,80.90367632,10531720,930009548.46,600941,中国移动,通讯
2023-11-22,80.66540088,82.69990656,80.65623644,82.18669792,12985516,1160199167.56,600941,中国移动,通讯
2023-11-23,81.84761364,82.5257822,81.2885828,82.36998672,6804557,609412253.27,600941,中国移动,通讯
2023-11-24,82.5716044,82.9840042,82.021738,82.81904428,7695330,693604575.09,600941,中国移动,通讯
2023-11-27,82.49828888,82.64491992,80.647072,81.3802272,7383386,658284811.64,600941,中国移动,通讯
2023-11-28,81.1969384,81.62766708,80.66540088,80.85785412,5578570,492519983.66,600941,中国移动,通讯
2023-11-29,80.8303608,81.26108948,80.0513834,81.11445844,5404394,476342540.03,600941,中国移动,通讯
2023-11-30,81.2885828,83.46971952,81.11445844,83.37807512,14121859,1278390965.47,600941,中国移动,通讯
2023-12-01,83.46971952,85.06433208,82.92901756,84.93602992,13794763,1270457755.99,600941,中国移动,通讯
2023-12-04,84.9085366,85.48589632,84.13872364,84.4961368,4790254,442552126.36,600941,中国移动,通讯
2023-12-05,84.5877812,85.03683876,83.81796824,83.854626,6707459,618786749.77,600941,中国移动,通讯
2023-12-06,83.46055508,84.11123032,82.49828888,83.09397748,4436309,402650887.23,600941,中国移动,通讯
2023-12-07,83.0298264,83.93710596,82.88319536,83.3505818,4038487,367638231.35,600941,中国移动,通讯
2023-12-08,83.2131152,84.5877812,82.58993328,84.06540812,6034756,551973266.51,600941,中国移动,通讯
2023-12-11,83.81796824,85.21096312,83.3047596,84.8627144,7866411,726143281.97,600941,中国移动,通讯
2023-12-12,84.89020772,85.229292,84.312848,84.77107,6239836,577035569.02,600941,中国移动,通讯
2023-12-13,84.4044924,85.12848316,84.4044924,84.75274112,5691559,526909626.31,600941,中国移动,通讯
2023-12-14,84.67026116,86.145736,84.52363012,85.229292,8012287,746992116.35,600941,中国移动,通讯
2023-12-15,85.03683876,85.687514,84.73441224,84.9085366,5711010,529731418.4,600941,中国移动,通讯
2023-12-18,84.55112344,85.63252736,84.43198572,85.58670516,6908851,643460542.25,600941,中国移动,通讯
2023-12-19,85.28427864,87.5662242,85.28427864,87.1538244,9822888,930634205.3,600941,中国移动,通讯
2023-12-20,87.12633108,87.32794876,86.145736,86.20988708,5237996,495374816.85,600941,中国移动,通讯
2023-12-21,86.07242048,86.54897136,84.1295592,84.75274112,8692657,805889430.84,600941,中国移动,通讯
2023-12-22,84.60611008,87.04385112,84.4961368,86.4664914,8942783,841618248.04,600941,中国移动,通讯
2023-12-25,86.4664914,87.520402,85.11931872,87.3371132,8287147,781296019.85,600941,中国移动,通讯
2023-12-26,87.05301556,89.04169904,86.9705356,88.7117792,10280145,994236141.73,600941,中国移动,通讯
2023-12-27,88.61097036,91.17701356,87.98778844,90.81043596,12972643,1277455506.9,600941,中国移动,通讯
2023-12-28,90.7737782,92.6524884,88.6201348,89.43576996,18075238,1771938572.89,600941,中国移动,通讯
2023-12-29,89.13334344,91.3694668,88.07943284,91.16784912,12157745,1193975201.4,600941,中国移动,通讯
2024-01-02,90.4530228,91.45194676,89.49992104,90.48051612,8018869,791371093.2,600941,中国移动,通讯
2024-01-03,90.34304952,91.186178,88.9867124,89.7198676,8345920,815692759.26,600941,中国移动,通讯
2024-01-04,89.49992104,91.1403558,89.0783568,90.90208036,9459060,930760694.92,600941,中国移动,通讯
2024-01-05,90.9112448,91.3694668,89.23415228,90.040623,8802163,863024848.91,600941,中国移动,通讯
2024-01-08,89.56407212,90.32472064,88.90423244,90.16892516,8298194,813769643.78,600941,中国移动,通讯
2024-01-09,89.9948008,90.23307624,88.51932596,89.68320984,6751872,658046999.9,600941,中国移动,通讯
2024-01-10,89.52741436,90.25140512,88.18940612,88.46433932,6293660,611534310.64,600941,中国移动,通讯
2024-01-11,88.17107724,88.26272164,85.86163836,87.39209984,8826628,838876652.07,600941,中国移动,通讯
2024-01-12,86.7872468,88.0702684,86.25570928,87.3371132,5573162,530555638.24,600941,中国移动,通讯
2024-01-15,87.23630436,88.9867124,87.06218,88.5743126,6093728,586788487.94,600941,中国移动,通讯
2024-01-16,88.5743126,89.0325346,87.83199296,88.65679256,6633706,639838398.13,600941,中国移动,通讯
2024-01-17,88.65679256,88.99587684,87.76784188,87.87781516,6415322,619544234.16,600941,中国移动,通讯
2024-01-18,87.59371752,90.269734,86.5123136,89.97647192,10050967,966838461.65,600941,中国移动,通讯
2024-01-19,89.4449344,90.23307624,88.895068,89.95814304,6465471,632279638.18,600941,中国移动,通讯
2024-01-22,89.95814304,90.1780896,88.22606388,88.85841024,8965460,875714142.65,600941,中国移动,通讯
2024-01-23,88.61097036,88.61097036,86.75058904,87.31878432,7829549,747866191.78,600941,中国移动,通讯
2024-01-24,87.06218,89.49992104,86.9247134,88.9867124,7969721,768948622.34,600941,中国移动,通讯
2024-01-25,88.9867124,92.560844,88.35436604,92.11178644,16651174,1658856164.55,600941,中国移动,通讯
2024-01-26,91.2778224,93.73389232,90.38887172,92.9274216,11537126,1160652356.91,600941,中国移动,通讯
2024-01-29,92.39588408,96.23578444,92.35006188,94.2562654,13116029,1360600259.77,600941,中国移动,通讯
2024-01-30,93.93551,94.72365184,92.6524884,92.7441328,8029396,819803724.6,600941,中国移动,通讯
2024-01-31,92.44170628,94.37540312,91.45194676,93.87135892,8711121,885051846.69,600941,中国移动,通讯
2024-02-01,92.560844,93.81637228,91.6444,92.43254184,8441946,853802051.14,600941,中国移动,通讯
2024-02-02,92.43254184,94.2104432,91.6444,93.36731472,10046670,1021600535.34,600941,中国移动,通讯
2024-02-05,93.65141236,95.34683376,93.3398214,94.84278956,10913928,1125826713.61,600941,中国移动,通讯
2024-02-06,94.79696736,95.66758916,92.2400886,92.9732438,14328420,1459113361.14,600941,中国移动,通讯
2024-02-07,92.560844,93.18402592,91.11286248,92.9274216,12866062,1293707080.68,600941,中国移动,通讯
2024-02-08,92.58833732,92.7441328,90.727956,92.7441328,11343206,1134135610.4,600941,中国移动,通讯
2024-02-19,92.13011532,95.34683376,91.15868468,95.2643538,11643888,1191286253.03,600941,中国移动,通讯
2024-02-20,95.29184712,98.02285024,94.78780292,97.143064,14406740,1519738243.24,600941,中国移动,通讯
2024-02-21,97.0055974,97.63794376,96.1807978,96.3640866,9499320,1003332232.76,600941,中国移动,通讯
2024-02-22,97.0514196,98.13282352,96.40074436,97.81206812,9415281,998222399.55,600941,中国移动,通讯
2024-02-23,97.66543708,97.68376596,95.6309314,95.93335792,9100888,958556377.69,600941,中国移动,通讯
2024-02-26,95.31934044,96.15330448,94.10046992,94.54036304,8230600,852450991.71,600941,中国移动,通讯
2024-02-27,94.5311986,94.93443396,94.00882552,94.81529624,7329947,755584737.55,600941,中国移动,通讯
2024-02-28,94.393732,94.63200744,92.102622,93.1107104,17142917,1738227277.46,600941,中国移动,通讯
2024-02-29,92.6524884,93.58726128,92.560844,93.477288,10063240,1022285942.5,600941,中国移动,通讯
2024-03-01,93.05572376,94.03631884,92.93658604,93.41313692,9090282,926875384.63,600941,中国移动,通讯
2024-03-04,93.13820372,95.78672688,92.93658604,95.31934044,13064525,1351892012.74,600941,中国移动,通讯
2024-03-05,95.4934648,96.41907324,94.87028288,96.22662,11158318,1166120655.34,600941,中国移动,通讯
2024-03-06,96.22662,97.601286,95.92419348,96.76732196,11090669,1171334940.65,600941,中国移动,通讯
2024-03-07,96.21745556,97.10640624,95.5851092,96.64818424,7997986,841703894.81,600941,中国移动,通讯
2024-03-08,96.20829112,100.05735592,95.82338464,99.434174,12338247,1323178375.25,600941,中国移动,通讯
2024-03-11,98.975952,99.60829836,97.143064,97.95869916,9726509,1042313840.47,600941,中国移动,通讯
2024-03-12,97.76624592,98.16031684,93.93551,94.18294988,16796719,1742980085.38,600941,中国移动,通讯
2024-03-13,93.95383888,94.3020876,92.57000844,93.477288,12853566,1308704992.51,600941,中国移动,通讯
2024-03-14,93.48645244,94.65950076,93.25734144,94.17378544,7978357,818527949.03,600941,中国移动,通讯
2024-03-15,94.17378544,94.17378544,92.77162612,93.5689324,7961670,811290387.24,600941,中国移动,通讯
2024-03-18,93.5689324,95.09939388,93.16569704,94.51286972,9834190,1012882378.59,600941,中国移动,通讯
2024-03-19,94.393732,95.20936716,93.3856436,94.55869192,9406731,967537644.77,600941,中国移动,通讯
2024-03-20,94.393732,95.768398,94.12796324,95.07190056,8316226,862579104.36,600941,中国移动,通讯
2024-03-21,94.7603096,95.10855832,93.93551,94.10046992,7381957,760438613.56,600941,中国移动,通讯
2024-03-22,94.50370528,97.39050388,93.22984812,96.58403316,13409924,1391042619.71,600941,中国移动,通讯
2024-03-25,96.22662,97.0972418,95.18187384,95.310176,10521011,1102925781.18,600941,中国移动,通讯
2024-03-26,94.74198072,96.00667344,94.74198072,95.31934044,7058830,733556951.58,600941,中国移动,通讯
2024-03-27,95.30101156,97.58295712,94.851954,96.51071764,11737357,1235515281.61,600941,中国移动,通讯
2024-03-28,96.3182644,97.2805306,95.69508248,97.22554396,6789999,715977865.24,600941,中国移动,通讯
2024-03-29,97.03309072,97.94953472,96.11664672,96.92311744,7991402,845521046.44,600941,中国移动,通讯
2024-04-01,96.93228188,97.10640624,95.73174024,95.85087796,9064253,950773156.74,600941,中国移动,通讯
2024-04-02,95.6767536,96.53821096,95.4934648,95.71341136,6004848,628452587.29,600941,中国移动,通讯
2024-04-03,95.4018204,96.1807978,95.02607836,95.8142202,6893096,719982699.74,600941,中国移动,通讯
2024-04-08,95.4476426,97.372175,95.32850488,96.78565084,7983088,842503957.79,600941,中国移动,通讯
2024-04-09,96.5931976,96.95061076,95.1268872,96.00667344,6680421,698316996.52,600941,中国移动,通讯
2024-04-10,95.71341136,97.04225516,95.39265596,95.93335792,6399735,671997019.78,600941,中国移动,通讯
2024-04-11,95.66758916,96.17163336,94.32041648,94.41206088,8552653,886480709.61,600941,中国移动,通讯
2024-04-12,94.41206088,94.7603096,92.3775552,92.6066662,12663156,1290241066.17,600941,中国移动,通讯
2024-04-15,92.6066662,96.20829112,92.560844,96.07998896,13126227,1361666704.3,600941,中国移动,通讯
2024-04-16,96.1349756,97.01476184,95.60343808,96.4099088,9341923,983447824.33,600941,中国移动,通讯
2024-04-17,96.1349756,97.4179972,94.74198072,97.2347084,7928614,835595755.02,600941,中国移动,通讯
2024-04-18,96.92311744,98.69185436,96.1807978,96.3640866,8043276,855068551.46,600941,中国移动,通讯
2024-04-19,96.0891534,98.13282352,96.05249564,97.83956144,8737718,929897967.24,600941,中国移动,通讯
2024-04-22,97.81206812,98.975952,97.04225516,97.26220172,6944291,741255549.31,600941,中国移动,通讯
2024-04-23,97.1888862,97.601286,95.4018204,95.91502904,8550791,896033822.11,600941,中国移动,通讯
2024-04-24,95.91502904,96.5473754,95.5851092,96.0891534,6269805,657579184.86,600941,中国移动,通讯
2024-04-25,96.0433312,96.19912668,95.0352428,95.5851092,5362202,559051292.93,600941,中国移动,通讯
2024-04-26,95.5851092,96.22662,94.5770208,94.99858504,12149870,1260841780.45,600941,中国移动,通讯
2024-04-29,95.00774948,95.00774948,93.57809684,94.20127876,15183468,1557059971.68,600941,中国移动,通讯
2024-04-30,94.2104432,95.4018204,93.96300332,94.09130548,10443808,1077194385.51,600941,中国移动,通讯
2024-05-06,94.393732,94.43038976,91.8276888,92.3775552,27815172,2804473285.11,600941,中国移动,通讯
2024-05-07,92.50585736,93.22068368,92.0109776,92.67081728,11139927,1125903108.21,600941,中国移动,通讯
2024-05-08,92.67081728,93.09238152,91.90100432,92.58833732,10084664,1018752905.31,600941,中国移动,通讯
2024-05-09,92.4691996,92.789955,91.53442672,91.9193332,16312004,1638239350.73,600941,中国移动,通讯
2024-05-10,91.8276888,93.3398214,91.186178,92.9274216,18938656,1917409802.01,600941,中国移动,通讯
2024-05-13,92.41421296,92.94575048,92.09345756,92.55167956,9386292,947042518.83,600941,中国移动,通讯
2024-05-14,92.560844,92.6524884,91.6902222,91.873511,7640515,766360171.61,600941,中国移动,通讯
2024-05-15,91.67189332,92.1484442,90.92040924,91.67189332,9779182,975568506.73,600941,中国移动,通讯
2024-05-16,91.67189332,91.67189332,90.3613784,90.6363116,14165972,1402753845.85,600941,中国移动,通讯
2024-05-17,90.62714716,90.62714716,89.4449344,89.96730748,14356827,1406525824.49,600941,中国移动,通讯
2024-05-20,89.9031564,89.95814304,88.7117792,89.82984088,22208903,2163089869.16,600941,中国移动,通讯
2024-05-21,89.71070316,90.99372476,89.6282232,90.59965384,12999700,1283316117.94,600941,中国移动,通讯
2024-05-22,90.70962712,90.99372476,90.03145856,90.28806288,9733024,960988639.64,600941,中国移动,通讯
2024-05-23,90.1780896,90.35221396,89.3991122,90.07728076,7471586,733470842.88,600941,中国移动,通讯
2024-05-24,89.96730748,90.70962712,89.77485424,89.86649864,8778930,864950945.26,600941,中国移动,通讯
2024-05-27,89.97647192,92.17593752,89.9031564,91.94682652,16007904,1597105740.74,600941,中国移动,通讯
2024-05-28,91.6444,92.1484442,91.19534244,91.415289,7058250,705517442.83,600941,中国移动,通讯
2024-05-29,91.4611112,91.6444,90.76461376,91.4611112,6660513,663020565.07,600941,中国移动,通讯
2024-05-30,91.2778224,92.4233774,91.0945336,91.97431984,10583245,1062821863.84,600941,中国移动,通讯
2024-05-31,92.1484442,92.4233774,91.24116464,91.8276888,8441178,844431233.44,600941,中国移动,通讯
2024-06-03,91.83685324,93.60559016,91.83685324,93.37647916,13716788,1392431004.26,600941,中国移动,通讯
2024-06-04,93.2939992,93.7980434,93.00990156,93.5689324,11588099,1181956677.26,600941,中国移动,通讯
2024-06-05,93.54143908,94.393732,92.6524884,93.18402592,12997209,1325792505.97,600941,中国移动,通讯
2024-06-06,93.64293477,95.53471123,93.00609913,94.13929196,13665724,1378167439.8,600941,中国移动,通讯
2024-06-07,94.07373535,94.92597128,93.7459523,94.588823,8478048,856400156.25,600941,中国移动,通讯
2024-06-11,94.7761276,95.31931094,93.19340373,94.19548334,8377962,842455306.14,600941,中国移动,通讯
2024-06-12,93.94262213,94.22357903,93.28705603,94.0269092,7515991,751824929.37,600941,中国移动,通讯
2024-06-13,93.88643075,94.97279743,93.31515172,94.87914513,9583611,964891008.42,600941,中国移动,通讯
2024-06-14,94.63564915,95.32867617,93.30578649,94.57009254,12489866,1259974563.13,600941,中国移动,通讯
2024-06-17,94.0269092,94.29850087,92.55656809,92.6221247,12349768,1229370777.21,600941,中国移动,通讯
2024-06-18,92.58466378,93.75531753,91.94782814,93.61483908,12907997,1279964822.81,600941,中国移动,通讯
2024-06-19,93.6523,95.0570845,93.59610862,95.00089312,11621674,1175154885.06,600941,中国移动,通讯
2024-06-20,95.00089312,95.31931094,94.4951707,95.0570845,7978389,808687721.3,600941,中国移动,通讯
2024-06-21,94.91660605,96.44313854,94.71057099,96.04043365,9694957,992169002.26,600941,中国移动,通讯
2024-06-24,96.04043365,96.77092159,95.525346,95.9936075,9522619,979174096.19,600941,中国移动,通讯
2024-06-25,95.82503336,96.29329486,95.09454542,95.8999552,8477921,866759447.96,600941,中国移动,通讯
2024-06-26,95.6189983,96.7428259,95.1507368,96.14345118,6488679,665259018.5,600941,中国移动,通讯
2024-06-27,96.14345118,98.334915,95.82503336,98.13824517,15155414,1580098337.49,600941,中国移动,通讯
2024-06-28,97.72617505,100.91035325,97.6793489,100.6762225,15066325,1598694154.87,600941,中国移动,通讯
2024-07-01,100.32034376,102.47434666,99.75842996,100.63876158,15202304,1636482873.57,600941,中国移动,通讯
2024-07-02,100.09557824,102.51180758,100.09557824,102.00608516,9409990,1021292865.92,600941,中国移动,通讯
2024-07-03,101.86560671,103.57007857,101.85624148,103.21419983,9890390,1086494483.99,600941,中国移动,通讯
2024-07-04,102.6429208,103.38277397,101.19131015,102.22148545,9241848,1007712150.57,600941,中国移动,通讯
2024-07-05,102.28704206,102.86768632,99.4587426,101.144484,11286990,1211284863.24,600941,中国移动,通讯
2024-07-08,100.5825702,102.94260816,99.9270041,102.46498143,11169302,1216908005.97,600941,中国移动,通讯
2024-07-09,102.3619639,103.00816477,101.4254409,101.87497194,8214673,895296176.92,600941,中国移动,通讯
2024-07-10,101.50036274,102.4556162,99.91763887,100.73241388,7984513,858213631.91,600941,中国移动,通讯
2024-07-11,100.4889179,101.0508317,99.15905524,100.3952656,7022564,749780362.29,600941,中国移动,通讯
2024-07-12,99.9270041,101.3317886,99.56176013,101.06019693,8172871,878809250.2,600941,中国移动,通讯
2024-07-15,100.84479664,102.97070385,100.77924003,102.2683116,8190419,893120696.39,600941,中国移动,通讯
2024-07-16,102.07164177,103.4857915,102.03418085,103.4857915,7306870,803186737.4,600941,中国移动,通讯
2024-07-17,103.4857915,103.66373087,100.9571794,101.74385872,9188603,999991233.13,600941,中国移动,通讯
2024-07-18,101.30369291,105.71471624,101.2381363,104.92803692,14303984,1586824846.67,600941,中国移动,通讯
2024-07-19,104.7032714,106.2017082,104.09453145,106.0144036,10147996,1138704664.9,600941,中国移动,通讯
2024-07-22,105.39629842,106.75425677,102.081007,103.19546937,14154232,1561203412.83,600941,中国移动,通讯
2024-07-23,102.82086017,105.03105445,102.37132913,103.91659208,9386913,1041704786.68,600941,中国移动,通讯
2024-07-24,103.5794438,105.31201135,103.01753,104.87184554,8278018,923745782.08,600941,中国移动,通讯
2024-07-25,104.78755847,105.53677687,102.9238777,103.93532254,8825287,981975343.58,600941,中国移动,通讯
2024-07-26,103.89786162,103.89786162,98.32554977,99.271438,17158959,1823620950.5,600941,中国移动,通讯
2024-07-29,98.8031765,100.3952656,97.42648769,99.8333518,12925477,1362354667.17,600941,中国移动,通讯
2024-07-30,99.28080323,101.26623199,99.11222909,100.83543141,8241900,882261263.68,600941,中国移动,通讯
2024-07-31,100.6762225,101.20067538,97.63252275,98.44729776,14608190,1535174621.63,600941,中国移动,通讯
2024-08-01,98.03522764,99.22461185,97.96967103,98.35364546,8011681,843270097.53,600941,中国移动,通讯
2024-08-02,98.11951471,100.3016133,98.10078425,99.82398657,9036716,960109087.94,600941,中国移动,通讯
2024-08-05,99.7396995,100.6762225,98.50348914,98.73761989,7155356,759120839.64,600941,中国移动,通讯
2024-08-06,98.9904811,99.0841334,96.14345118,97.85728827,10776283,1118274502.79,600941,中国移动,通讯
2024-08-07,97.56696614,98.7095242,97.1174351,97.34220062,6613681,689376630.47,600941,中国移动,通讯
2024-08-08,97.34220062,97.9603058,96.84584343,97.34220062,5644377,587524289.93,600941,中国移动,通讯
2024-08-09,97.35156585,97.54823568,94.33596179,95.525346,16414520,1672993573.32,600941,中国移动,通讯
2024-08-12,95.36613709,95.47851985,93.53991724,93.78341322,11713589,1177516896.41,600941,中国移动,通讯
2024-08-13,93.6523,94.57009254,93.6523,94.3078661,7146722,718151183.34,600941,中国移动,通讯
2024-08-14,94.3078661,97.1174351,94.06437012,96.42440808,12166873,1243095374.37,600941,中国移动,通讯
2024-08-15,96.2745644,98.27872362,96.1809121,98.27872362,9275754,969375888.23,600941,中国移动,通讯
2024-08-16,98.27872362,98.74698512,97.79173166,98.20380178,5472447,573663313.28,600941,中国移动,通讯
2024-08-19,98.21316701,98.60650667,97.6793489,98.2412627,5328036,558028614.1,600941,中国移动,通讯
2024-08-20,98.25062793,99.07476817,97.75427074,98.47539345,6364707,667989731.43,600941,中国移动,通讯
2024-08-21,98.09141902,98.48475868,96.8364782,97.8666535,5123632,534591670.39,600941,中国移动,通讯
2024-08-22,97.70744459,98.87809834,97.5856966,98.85000265,6312452,663439376.36,600941,中国移动,通讯
2024-08-23,98.63460236,99.70223858,98.10078425,98.85936788,6841369,722996012.34,600941,中国移动,通讯
2024-08-26,98.76571558,99.73033427,98.15697563,99.31826415,6008757,635723857.5,600941,中国移动,通讯
2024-08-27,99.31826415,101.3317886,99.02794202,100.83543141,9200980,986351252.08,600941,中国移动,通讯
2024-08-28,100.6762225,101.16321446,99.7396995,100.8635271,5940583,637198059.63,600941,中国移动,通讯
2024-08-29,100.72304865,101.00400555,98.93428972,99.6460472,7366557,786429644.93,600941,中国移动,通讯
2024-08-30,99.28080323,99.73033427,97.29537447,98.32554977,13134399,1375599510.68,600941,中国移动,通讯
2024-09-02,98.2201125,99.05378565,97.2618675,98.6034105,6908835,709947229.51,600941,中国移动,通讯
2024-09-03,98.65132275,99.1591926,97.59725325,98.88130155,7348128,754539378.63,600941,中国移动,通讯
2024-09-04,98.315937,99.07295055,97.9134741,98.4884211,5486895,565396999.43,600941,中国移动,通讯
2024-09-05,99.0442032,99.1783575,96.782745,97.4151867,7426604,755781912.3,600941,中国移动,通讯
2024-09-06,97.42476915,98.2201125,97.21395525,97.6451655,6026542,615477717.88,600941,中国移动,通讯
2024-09-09,97.357692,98.21053005,95.83408245,96.0736437,7497566,754454386.88,600941,中国移动,通讯
2024-09-10,96.08322615,98.07637575,96.016149,97.6643304,6995548,710266325.71,600941,中国移动,通讯
2024-09-11,97.6643304,97.9134741,95.0770689,95.2687179,9615901,961557975.4,600941,中国移动,通讯
2024-09-12,95.441202,95.6136861,94.0038345,94.7321007,6518768,644169350.34,600941,中国移动,通讯
2024-09-13,94.674606,96.4952715,94.6554411,96.06406125,7782451,779239679.38,600941,中国移动,通讯
2024-09-18,96.0736437,97.17562545,96.0736437,96.50485395,5039200,508214079.6,600941,中国移动,通讯
2024-09-19,96.54318375,96.6294258,95.4986967,95.7478404,6878554,687626198.66,600941,中国移动,通讯
2024-09-20,95.7286755,97.21395525,94.8279252,97.166043,6413727,644020334.37,600941,中国移动,通讯
2024-09-23,96.7444152,97.4535165,96.6485907,96.83065725,5394560,545445879.79,600941,中国移动,通讯
2024-09-24,97.166043,100.5199005,96.6677556,99.83954655,11769792,1212748048.71,600941,中国移动,通讯
2024-09-25,100.60614255,103.49046,99.2358522,99.5616555,12272228,1292290680.75,600941,中国移动,通讯
2024-09-26,99.5616555,100.615725,98.99629095,100.54864785,11274690,1175274175.36,600941,中国移动,通讯
2024-09-27,100.60614255,100.9031985,97.13729565,99.93537105,27837739,2866218060.03,600941,中国移动,通讯
2024-09-30,100.62530745,107.131791,99.28376445,105.1194765,49796181,5296250818.07,600941,中国移动,通讯
2024-10-08,113.08249245,114.031155,102.25432395,105.5411043,45017988,5037416871.49,600941,中国移动,通讯
2024-10-09,103.9695825,105.40695,101.2864965,102.1680819,25177754,2715542972.64,600941,中国移动,通讯
2024-10-10,102.1680819,106.8443175,102.1297521,104.257056,25762477,2810846632.41,600941,中国移动,通讯
2024-10-11,103.49046,105.40695,102.4363905,104.03665965,18020089,1958873349.04,600941,中国移动,通讯
2024-10-14,103.4329653,107.0359665,103.4329653,106.173546,18497871,2042080464.77,600941,中国移动,通讯
2024-10-15,105.8860725,106.0585566,103.0879971,103.1454918,13333402,1451936870.77,600941,中国移动,通讯
2024-10-16,102.65678685,103.78751595,102.02434515,102.61845705,8398258,901331268.96,600941,中国移动,通讯
2024-10-17,103.27006365,103.3946355,101.0565177,101.2290018,10014954,1065941003.96,600941,中国移动,通讯
2024-10-18,101.2098369,103.65336165,100.68280215,102.6280395,12989301,1384923776.5,600941,中国移动,通讯
2024-10-21,102.63762195,102.65678685,100.9798581,101.8614435,15625260,1655583970.15,600941,中国移动,通讯
2024-10-22,101.02777035,101.1523422,99.465831,100.0216131,21340815,2229633979.36,600941,中国移动,通讯
2024-10-23,100.0216131,100.615725,99.5424906,99.99286575,12212175,1274208528.95,600941,中国移动,通讯
2024-10-24,99.45624855,99.45624855,97.40560425,97.9518039,20944594,2140205040.9,600941,中国移动,通讯
2024-10-25,97.75057245,98.2967721,97.09896585,97.67391285,16123408,1642593326.32,600941,中国移动,通讯
2024-10-28,97.6260006,98.05721085,97.166043,98.01888105,11623270,1185126416.92,600941,中国移动,通讯
2024-10-29,98.09554065,98.3925966,96.782745,97.932639,16492850,1678960772.5,600941,中国移动,通讯
2024-10-30,97.65474795,98.17220025,97.3768569,97.9134741,9243335,942693241.15,600941,中国移动,通讯
2024-10-31,97.8559794,98.8333893,97.8559794,98.36384925,12874888,1321523357.06,600941,中国移动,通讯
2024-11-01,98.2201125,99.3508416,97.92305655,99.082533,13061678,1346652944.52,600941,中国移动,通讯
2024-11-04,99.13044525,99.4083363,97.74099,98.5267509,10579384,1085743416.82,600941,中国移动,通讯
2024-11-05,98.11470555,98.55549825,97.7984847,98.55549825,17055123,1747544206.7,600941,中国移动,通讯
2024-11-06,98.2584423,98.6417403,97.76973735,97.96138635,14555037,1490730042.41,600941,中国移动,通讯
2024-11-07,97.73140755,98.5650807,97.27144995,98.5650807,15358704,1571176930.57,600941,中国移动,通讯
2024-11-08,98.5650807,99.1208628,97.74099,98.51716845,16620841,1708496396.1,600941,中国移动,通讯
2024-11-11,98.315937,98.315937,97.4535165,97.7793198,13011050,1326562171.34,600941,中国移动,通讯
2024-11-12,97.71224265,97.84639695,96.3227874,96.63900825,15235405,1543913133.36,600941,中国移动,通讯
2024-11-13,96.37069965,102.148917,96.3036225,100.64447235,36595255,3811702174.58,600941,中国移动,通讯
2024-11-14,99.43708365,100.232427,98.51716845,99.3316767,16544878,1714885071.56,600941,中国移动,通讯
2024-11-15,99.082533,103.49046,98.9100489,100.64447235,26765828,2821185463.82,600941,中国移动,通讯
2024-11-18,100.232427,102.340566,99.66706245,100.29950415,19034785,2004973565.6,600941,中国移动,通讯
2024-11-19,100.040778,100.1366025,98.5842456,99.3508416,12437915,1288606551.22,600941,中国移动,通讯
2024-11-20,98.86213665,99.8299641,98.0476284,99.5424906,10908884,1127280642.13,600941,中国移动,通讯
2024-11-21,99.2550171,100.0216131,98.91963135,99.24543465,6438912,667501127.2,600941,中国移动,通讯
2024-11-22,99.0633681,99.849129,98.8525542,99.082533,9955074,1031212200.26,600941,中国移动,通讯
2024-11-25,98.9867085,100.5965601,98.5842456,99.3700065,9893145,1028585941.32,600941,中国移动,通讯
2024-11-26,99.1783575,101.190672,98.9100489,101.0181879,13297139,1396206495.89,600941,中国移动,通讯
2024-11-27,101.0181879,102.23515905,100.75946175,101.9189382,12861649,1366099169.03,600941,中国移动,通讯
2024-11-28,101.4973104,102.148917,100.999023,101.62188225,8243346,874551553.99,600941,中国移动,通讯
2024-11-29,101.67937695,103.61503185,101.2864965,101.9381031,13458340,1438428712.86,600941,中国移动,通讯
2024-12-02,101.4781455,101.8422786,100.43365845,101.06610015,10717658,1130093722.18,600941,中国移动,通讯
2024-12-03,100.9031985,102.61845705,100.5965601,102.4938852,11342875,1207277304.0,600941,中国移动,通讯
2024-12-04,102.38847825,104.1229017,102.148917,103.5862845,11719547,1264896160.12,600941,中国移动,通讯
2024-12-05,103.49046,104.03665965,102.63762195,102.96342525,9174921,987745972.96,600941,中国移动,通讯
2024-12-06,102.532215,103.682109,102.532215,102.7430289,9782535,1051365949.06,600941,中国移动,通讯
2024-12-09,102.75261135,103.9887474,101.8614435,102.81010605,11180209,1197365889.62,600941,中国移动,通讯
2024-12-10,102.8196885,103.49046,101.89019085,102.4363905,17127131,1829955066.61,600941,中国移动,通讯
2024-12-11,102.148917,102.6472044,101.6314647,102.1297521,8776183,933592209.42,600941,中国移动,通讯
2024-12-12,101.94768555,103.2796461,101.765619,103.2029865,9215483,988512035.88,600941,中国移动,通讯
2024-12-13,103.2029865,105.07156425,102.6088746,104.24747355,18029085,1959248860.42,600941,中国移动,通讯
2024-12-16,104.09415435,108.281685,104.065407,107.46717675,25034576,2794432358.51,600941,中国移动,通讯
2024-12-17,108.1283658,110.1790101,106.47060195,106.6335036,14057773,1584372947.14,600941,中国移动,通讯
2024-12-18,106.5376791,109.9873611,106.5376791,109.2207651,11277282,1282618958.41,600941,中国移动,通讯
2024-12-19,108.856632,110.18859255,107.9750466,109.09619325,9860900,1123346796.69,600941,中国移动,通讯
2024-12-20,108.281685,108.9524565,106.4610195,106.748493,12321388,1381900356.15,600941,中国移动,通讯
2024-12-23,106.77724035,109.7190525,106.77724035,109.09619325,10650536,1210429764.7,600941,中国移动,通讯
2024-12-24,108.67456545,110.6772975,108.3200148,110.09276805,10244629,1173541804.07,600941,中国移动,通讯
2024-12-25,109.9873611,111.9996756,109.7190525,110.76353955,10741464,1243639836.98,600941,中国移动,通讯
2024-12-26,110.6772975,110.74437465,108.31043235,109.6040631,12050699,1374689160.99,600941,中国移动,通讯
2024-12-27,109.5848982,110.0831856,108.90454425,109.814877,5378096,614681410.67,600941,中国移动,通讯
2024-12-30,109.47949125,111.9038511,109.3740843,111.5013882,11718106,1359928330.64,600941,中国移动,通讯
2024-12-31,111.37681635,114.51985995,111.16600245,113.2262292,15282087,1803996097.9,600941,中国移动,通讯
2025-01-02,112.9962504,113.69576925,108.80871975,110.198175,15127657,1743228073.23,600941,中国移动,通讯
2025-01-03,109.34533695,110.1023505,107.9175519,109.3165896,11255924,1281364585.57,600941,中国移动,通讯
2025-01-06,109.69030515,110.53356075,105.66567615,106.50893175,16994942,1893385818.9,600941,中国移动,通讯
2025-01-07,106.2693705,106.83473505,103.69169145,106.58559135,15475292,1697281594.7,600941,中国移动,通讯
2025-01-08,105.981897,107.7833976,105.24404835,107.2084506,13695322,1526304522.71,600941,中国移动,通讯
2025-01-09,107.0359665,107.0359665,104.6211891,105.45486225,8720920,962320659.51,600941,中国移动,通讯
2025-01-10,105.40695,105.97231455,104.36246295,104.7361785,8861201,971953582.7,600941,中国移动,通讯
2025-01-13,104.448705,105.8477427,102.81010605,103.873758,10647790,1154014068.47,600941,中国移动,通讯
2025-01-14,103.7396037,104.01749475,102.4938852,103.8162633,17496587,1885297823.4,600941,中国移动,通讯
2025-01-15,103.42338285,104.9086626,102.915513,103.86417555,11436110,1240466618.91,600941,中国移动,通讯
2025-01-16,103.873758,105.26321325,103.48087755,104.72659605,11422539,1245403246.71,600941,中国移动,通讯
2025-01-17,104.448705,105.8860725,103.9504176,104.5445295,9177756,1005191720.3,600941,中国移动,通讯
2025-01-20,104.26663845,105.40695,103.53837225,103.9695825,9059257,984026839.99,600941,中国移动,通讯
2025-01-21,103.96000005,103.9695825,102.4172256,102.723864,13194445,1415351786.57,600941,中国移动,通讯
2025-01-22,102.148917,103.94083515,102.148917,103.7970984,11888834,1281209066.29,600941,中国移动,通讯
2025-01-23,104.257056,106.7101632,104.15164905,104.97573975,13935546,1531137179.77,600941,中国移动,通讯
2025-01-24,104.74576095,105.598599,104.20914375,104.4678699,9878125,1079500903.46,600941,中国移动,通讯
2025-01-27,104.49661725,106.556844,104.1612315,106.33644765,14011137,1543347166.97,600941,中国移动,通讯
2025-02-05,105.78066555,105.981897,103.40421795,103.7779335,13566088,1470774111.78,600941,中国移动,通讯
2025-02-06,103.67252655,104.065407,103.2604812,103.8162633,10146352,1096344255.53,600941,中国移动,通讯
2025-02-07,103.50004245,104.1420666,102.54179745,103.6246143,18944852,2038503335.9,600941,中国移动,通讯
2025-02-10,104.36246295,108.9524565,104.15164905,105.40695,34504717,3817918416.79,600941,中国移动,通讯
2025-02-11,105.18655365,107.00721915,104.448705,105.20571855,17838833,1968890625.18,600941,中国移动,通讯
2025-02-12,104.9661573,106.556844,104.68826625,106.0968864,15394118,1703081999.04,600941,中国移动,通讯
2025-02-13,106.0968864,107.37135225,105.53152185,105.99147945,16194651,1800781462.94,600941,中国移动,通讯
2025-02-14,105.87649005,108.2241903,105.12905895,107.94629925,22747772,2539385379.41,600941,中国移动,通讯
2025-02-17,108.54041115,110.32274685,107.42884695,108.48291645,25980850,2949108341.23,600941,中国移动,通讯
2025-02-18,108.38709195,109.4699088,106.8443175,107.31385755,15949794,1799289206.26,600941,中国移动,通讯
2025-02-19,107.2276155,108.52124625,106.9209771,107.32344,14300899,1604508000.0,600941,中国移动,通讯
2025-02-20,106.9209771,106.9209771,105.2344659,105.76150065,14950195,1648355593.74,600941,中国移动,通讯
2025-02-21,105.8860725,111.2522445,105.83816025,109.7190525,35166261,3992910600.28,600941,中国移动,通讯
2025-02-24,109.7190525,109.76696475,106.4226897,106.81557015,23052347,2589269400.4,600941,中国移动,通讯
2025-02-25,105.40695,105.87649005,103.8354282,104.257056,20541759,2244863989.96,600941,中国移动,通讯
2025-02-26,104.91824505,105.22488345,102.6855342,103.2029865,21046346,2270236006.5,600941,中国移动,通讯
2025-02-27,103.0113375,103.11674445,102.1105872,102.532215,16836094,1801825153.62,600941,中国移动,通讯
2025-02-28,102.2255766,103.2221514,102.2255766,102.4555554,14195015,1520761127.14,600941,中国移动,通讯
2025-03-03,102.46513785,102.8388534,101.382321,101.79436635,15329693,1635395452.71,600941,中国移动,通讯
2025-03-04,101.35357365,102.532215,101.3056614,102.340566,9956332,1060391104.34,600941,中国移动,通讯
2025-03-05,102.2064117,104.26663845,101.9381031,103.8545931,16540992,1786977154.22,600941,中国移动,通讯
2025-03-06,103.7779335,103.96000005,102.7430289,103.46171265,17593932,1896917822.84,600941,中国移动,通讯
2025-03-07,103.3946355,104.05582455,102.65678685,104.05582455,14109023,1519993057.02,600941,中国移动,通讯
2025-03-10,103.9504176,103.9504176,101.957268,102.1872468,13592088,1453249683.74,600941,中国移动,通讯
2025-03-11,101.6122998,103.21256895,101.60271735,102.7430289,10245364,1092656735.94,600941,中国移动,通讯
2025-03-12,102.532215,102.532215,100.89361605,101.2481667,20084345,2124946027.22,600941,中国移动,通讯
2025-03-13,101.25774915,101.8039488,100.999023,101.37273855,11075364,1172695313.05,600941,中国移动,通讯
2025-03-14,101.4014859,102.532215,101.4014859,102.06267495,15564786,1660001483.14,600941,中国移动,通讯
2025-03-17,102.10100475,102.2064117,101.39190345,101.56438755,12874801,1364757122.94,600941,中国移动,通讯
2025-03-18,101.66021205,102.00518025,101.29607895,101.4973104,10702326,1134479785.18,600941,中国移动,通讯
2025-03-19,101.57397,101.64104715,100.93194585,101.39190345,9499984,1004236289.94,600941,中国移动,通讯
2025-03-20,101.382321,101.4589806,100.232427,100.615725,17738432,1864601785.7,600941,中国移动,通讯
2025-03-21,100.7115495,103.6629441,100.7115495,102.19682925,35459490,3798320242.2,600941,中国移动,通讯
2025-03-24,102.19682925,102.6280395,100.98944055,101.2864965,18813104,1999239001.42,600941,中国移动,通讯
2025-03-25,101.4589806,101.83269615,100.98944055,101.4781455,10327630,1094786810.21,600941,中国移动,通讯
2025-03-26,101.57397,103.0879971,101.57397,102.15849945,10785916,1151155018.07,600941,中国移动,通讯
2025-03-27,102.340566,102.9921726,101.8614435,102.06267495,9928719,1061122762.34,600941,中国移动,通讯
2025-03-28,102.17766435,102.2447415,101.58355245,101.957268,5805079,616898694.43,600941,中国移动,通讯
2025-03-31,101.9955978,103.2029865,101.8614435,102.8771832,15443300,1655613365.6,600941,中国移动,通讯
2025-04-01,102.8963481,102.90593055,101.9381031,102.532215,10564986,1128292882.92,600941,中国移动,通讯
2025-04-02,102.42680805,103.3754706,102.148917,103.1646567,10374563,1113899798.69,600941,中国移动,通讯
2025-04-03,102.8196885,104.7936732,102.7046991,104.43912255,17070515,1855977605.04,600941,中国移动,通讯
2025-04-07,102.0530925,104.640354,100.232427,103.92167025,36828474,3965124094.64,600941,中国移动,通讯
2025-04-08,103.48087755,107.0359665,103.0113375,106.940142,32276570,3549051527.21,600941,中国移动,通讯
2025-04-09,106.93055955,107.898387,104.5636944,107.898387,19032071,2103957813.09,600941,中国移动,通讯
2025-04-10,107.0359665,107.0359665,104.5445295,106.2693705,17117675,1882542874.78,600941,中国移动,通讯
2025-04-11,105.68484105,105.78066555,104.5636944,105.20571855,11488115,1258626227.24,600941,中国移动,通讯
2025-04-14,104.7361785,106.3268652,104.0845719,105.790248,13241179,1458472807.64,600941,中国移动,通讯
2025-04-15,105.81899535,107.31385755,105.51235695,107.08387875,12324069,1373850759.65,600941,中国移动,通讯
2025-04-16,107.0359665,109.3932492,106.5951738,109.2590949,18695963,2119415725.81,600941,中国移动,通讯
2025-04-17,109.1824353,109.59448065,108.1666956,109.4890737,8997716,1023749291.28,600941,中国移动,通讯
2025-04-18,109.23034755,110.01610845,108.664983,109.99694355,8203962,937490702.49,600941,中国移动,通讯
2025-04-21,109.51782105,109.9490313,107.7642327,108.1858605,12118573,1372847110.33,600941,中国移动,通讯
2025-04-22,108.090036,108.92370915,107.9558817,108.19544295,7555542,854084536.18,600941,中国移动,通讯
2025-04-23,107.81214495,108.090036,106.02980925,106.2118758,12617629,1403110750.72,600941,中国移动,通讯
2025-04-24,105.8860725,106.4035248,105.41653245,105.8477427,7310917,807584735.4,600941,中国移动,通讯
2025-04-25,105.85732515,106.35561255,105.47402715,106.31728275,6134259,678460408.0,600941,中国移动,通讯
2025-04-28,106.24062315,108.61707075,105.9052374,107.5725837,11462255,1288430608.81,600941,中国移动,通讯
2025-04-29,107.5725837,108.71289525,107.3426049,108.42542175,7412289,837818604.29,600941,中国移动,通讯
2025-04-30,108.42542175,108.4541691,106.6335036,107.56300125,7712478,867843321.36,600941,中国移动,通讯
2025-05-06,107.52467145,108.9141267,106.14479865,108.3391797,9567760,1076006524.49,600941,中国移动,通讯
2025-05-07,108.4541691,109.5274035,107.32344,109.5274035,12680972,1436702344.0,600941,中国移动,通讯
2025-05-08,109.00036875,109.7190525,108.61707075,108.67456545,6915800,786373770.03,600941,中国移动,通讯
2025-05-09,108.65540055,109.814877,108.3966744,109.23034755,9030601,1027927755.74,600941,中国移动,通讯
2025-05-12,109.1441055,109.40283165,108.48291645,108.9524565,7034791,798846606.73,600941,中国移动,通讯
2025-05-13,108.94287405,109.03869855,107.898387,108.69373035,8009096,906573835.95,600941,中国移动,通讯
2025-05-14,108.55957605,109.7190525,108.55957605,109.2016002,10355535,1179900635.38,600941,中国移动,通讯
2025-05-15,109.13452305,109.5274035,108.4924989,108.88537935,7385162,838927455.77,600941,中国移动,通讯
2025-05-16,108.80871975,109.048281,107.50550655,109.01953365,8357816,945863562.07,600941,中国移动,通讯
2025-05-19,108.7608075,109.8915366,108.67456545,109.47949125,6893490,787899984.19,600941,中国移动,通讯
2025-05-20,109.7573823,111.15642,109.70947005,110.6772975,9754593,1127459678.02,600941,中国移动,通讯
2025-05-21,110.964771,111.1372551,110.03527335,110.198175,5897723,679237099.47,600941,中国移动,通讯
2025-05-22,110.2939995,110.9072763,109.49865615,110.03527335,6173882,707924918.76,600941,中国移动,通讯
2025-05-23,109.9107015,110.6772975,109.431579,109.431579,5946663,682755022.3,600941,中国移动,通讯
2025-05-26,109.623228,109.95861375,108.9332916,109.814877,5362241,612384429.28,600941,中国移动,通讯
2025-05-27,109.76696475,111.33848655,109.59448065,111.0605955,8263976,956232796.59,600941,中国移动,通讯
2025-05-28,110.93602365,111.51097065,109.84362435,110.05443825,5661285,652462370.29,600941,中国移动,通讯
2025-05-29,110.05443825,110.389824,109.69030515,110.1406803,5086845,584516364.27,600941,中国移动,通讯
2025-05-30,110.13109785,112.10508255,109.92028395,111.95176335,8855828,1028207834.52,600941,中国移动,通讯
2025-06-03,111.47264085,112.8429312,111.28099185,112.7662716,8798800,1030279735.69,600941,中国移动,通讯
2025-06-04,112.689612,113.0537451,112.3638087,112.71835935,7956414,936020255.66,600941,中国移动,通讯
2025-06-05,112.6321173,113.7245166,111.9996756,113.31247125,7882898,929628289.32,600941,中国移动,通讯
2025-06-06,113.7424716,114.08448075,112.52101035,113.94767709,7014559,814325516.81,600941,中国移动,通讯
2025-06-09,113.8401885,114.40694652,111.54384135,111.70996008,10303202,1185094656.04,600941,中国移动,通讯
2025-06-10,111.70996008,112.13014275,110.66438925,110.72301939,9349870,1063804853.78,600941,中国移动,通讯
2025-06-11,110.72301939,111.08457192,110.420097,110.77187784,6101613,691780974.8,600941,中国移动,通讯
2025-06-12,110.77187784,110.97708333,109.01297364,109.09114716,10583688,1186310425.39,600941,中国移动,通讯
2025-06-13,109.10091885,110.18557644,109.10091885,109.65790518,8086252,907830474.25,600941,中国移动,通讯
2025-06-16,109.65790518,110.66438925,109.65790518,110.47872714,6598387,744888968.52,600941,中国移动,通讯
2025-06-17,110.49827052,110.7132477,109.42338462,110.3223801,4713463,530403829.39,600941,中国移动,通讯
2025-06-18,110.29306503,110.40055362,109.6383618,110.18557644,4810070,541436031.05,600941,中国移动,通讯
2025-06-19,110.08785954,110.34192348,108.81753984,110.1269463,6997347,785717864.17,600941,中国移动,通讯
2025-06-20,109.95105588,111.73927515,109.8337956,111.48521121,8587860,974878602.99,600941,中国移动,通讯
2025-06-23,110.9086815,112.07151261,109.442928,109.9315125,9647910,1090510434.57,600941,中国移动,通讯
2025-06-24,109.9315125,110.57644404,109.80448053,110.10740292,8189147,922903958.89,600941,中国移动,通讯
2025-06-25,109.81425222,110.49827052,109.51132983,110.2246632,9225229,1039703058.99,600941,中国移动,通讯
2025-06-26,110.1269463,111.30932079,110.0292294,110.70347601,8713514,985594093.13,600941,中国移动,通讯
2025-06-27,110.60575911,111.67087332,109.3452111,109.60904673,10521876,1187447538.97,600941,中国移动,通讯
2025-06-30,109.0520604,110.5178139,109.03251702,109.98037095,8143024,915553054.5,600941,中国移动,通讯
2025-07-01,109.9315125,110.36146686,109.5406449,109.99014264,4991976,561844589.15,600941,中国移动,通讯
2025-07-02,109.9315125,110.29306503,109.31589603,109.33543941,5948903,667042186.3,600941,中国移动,通讯
2025-07-03,109.3452111,109.55041659,108.465759,108.6611928,9666345,1077620400.74,600941,中国移动,通讯
2025-07-04,108.5634759,109.39406955,108.47553069,109.33543941,5903871,658755302.24,600941,中国移动,通讯
2025-07-07,109.2474942,109.84356729,108.64164942,109.67744856,6634746,743186699.03,600941,中国移动,通讯
2025-07-08,109.67744856,109.94128419,108.99343026,109.39406955,8520949,954673780.05,600941,中国移动,通讯
2025-07-09,109.39406955,111.94448064,109.25726589,110.92822488,16017694,1817877075.23,600941,中国移动,通讯
2025-07-10,110.92822488,111.37772262,109.59927504,109.8337956,10219094,1154221435.87,600941,中国移动,通讯
2025-07-11,109.79470884,111.38749431,109.47224307,110.18557644,11729346,1327267317.24,600941,中国移动,通讯
2025-07-14,110.23443489,111.06502854,110.05854447,110.59598742,5520608,624914233.58,600941,中国移动,通讯
2025-07-15,110.43964038,110.85005136,109.65790518,109.85333898,6524367,734594442.55,600941,中国移动,通讯
2025-07-16,109.86311067,110.74256277,109.86311067,110.37123855,6274118,708655909.65,600941,中国移动,通讯
2025-07-17,110.3223801,110.69370432,109.04228871,109.20840744,11720473,1312640161.78,600941,中国移动,通讯
2025-07-18,109.21817913,109.39406955,108.81753984,109.14000561,10544097,1176094763.59,600941,中国移动,通讯
2025-07-21,108.9543435,109.14000561,108.62210604,108.72959463,10556997,1174713180.19,600941,中国移动,通讯
2025-07-22,108.76868139,109.13023392,108.19215168,109.07160378,12890115,1433579680.36,600941,中国移动,通讯
2025-07-23,109.11069054,109.52110152,108.62210604,108.83708322,10486630,1169984901.67,600941,中国移动,通讯
2025-07-24,108.86639829,108.87616998,108.30941196,108.465759,10973576,1218863530.86,600941,中国移动,通讯
2025-07-25,108.47553069,108.60256266,107.65470873,107.76219732,11794813,1303810108.8,600941,中国移动,通讯
2025-07-28,107.96740281,108.10420647,106.62868128,106.88274522,14370162,1574621396.03,600941,中国移动,通讯
2025-07-29,106.9022886,107.07817902,106.32575889,106.7068548,10098696,1101093576.07,600941,中国移动,通讯
2025-07-30,106.6091379,107.42995986,106.3159872,107.00977719,12218911,1336920262.46,600941,中国移动,通讯
2025-07-31,106.91206029,106.98046212,105.9251196,106.08146664,10406245,1131411007.64,600941,中国移动,通讯
2025-08-01,106.19872692,106.68731142,105.20201454,105.61242552,11336377,1228040984.03,600941,中国移动,通讯
2025-08-04,105.46585017,105.89580453,105.30950313,105.65151228,9212275,996126293.05,600941,中国移动,通讯
2025-08-05,105.68082735,106.57982283,105.42676341,106.57982283,10391539,1128369213.48,600941,中国移动,通讯
2025-08-06,106.29644382,106.61890959,105.58311045,105.79808763,11299781,1226873052.29,600941,中国移动,通讯
2025-08-07,105.76877256,105.76877256,105.23132961,105.37790496,13088049,1411875976.59,600941,中国移动,通讯
2025-08-08,106.49187762,107.5863069,106.3159872,107.47881831,23011949,2524519510.07,600941,中国移动,通讯
2025-08-11,107.26384113,107.66448042,106.36484565,106.49187762,19561559,2136631683.21,600941,中国移动,通讯
2025-08-12,106.59936621,107.34201465,106.55050776,106.86320184,9826050,1075337554.44,600941,中国移动,通讯
2025-08-13,107.16612423,107.17589592,106.4137041,106.72639818,11406215,1244912129.18,600941,中国移动,通讯
2025-08-14,106.73616987,107.05863564,106.3159872,106.32575889,11010390,1202558871.38,600941,中国移动,通讯
2025-08-15,106.36484565,106.65799635,105.77854425,105.85671777,13350639,1446975599.09,600941,中国移动,通讯
2025-08-18,105.84694608,106.36484565,105.34858989,105.71991411,17703035,1918270938.43,600941,中国移动,通讯
2025-08-19,105.88603284,106.06192326,104.557083,104.557083,27490312,2956938208.87,600941,中国移动,通讯
2025-08-20,104.71343004,105.2411013,103.89260808,105.23132961,21543285,2303122835.19,600941,中国移动,通讯
2025-08-21,105.12384102,106.57005114,104.84046201,106.53096438,21374219,2319087338.84,600941,中国移动,通讯
2025-08-22,106.52119269,107.08795071,106.11078171,107.03909226,16853683,1841919206.65,600941,中国移动,通讯
2025-08-25,107.0977224,107.66448042,106.40393241,107.57653521,17662565,1934044361.78,600941,中国移动,通讯
2025-08-26,107.55699183,107.57653521,106.98046212,107.11726578,11312968,1240850445.94,600941,中国移动,通讯
2025-08-27,107.31269958,107.6840238,106.26712875,106.3159872,14911249,1633889578.32,600941,中国移动,通讯
2025-08-28,106.511421,106.79480001,105.8274027,106.48210593,13084132,1423028523.02,600941,中国移动,通讯
2025-08-29,106.511421,107.47881831,106.17918354,107.0000055,16291507,1782968817.44,600941,中国移动,通讯
2025-09-01,107.46,107.5,106.6,106.99,12262839,1312560939.6,600941,中国移动,通讯
2025-09-02,106.99,108.09,106.51,107.9,19299955,2075678542.56,600941,中国移动,通讯
2025-09-03,108.0,108.0,107.0,107.39,11563298,1240919187.49,600941,中国移动,通讯
2025-09-04,107.19,107.19,105.5,106.75,15538442,1650199426.14,600941,中国移动,通讯
2025-09-05,106.49,106.7,105.8,106.54,10397389,1104408945.92,600941,中国移动,通讯
2025-09-08,106.54,108.39,106.03,108.11,18630006,2004429291.03,600941,中国移动,通讯
2025-09-09,108.0,108.25,106.84,107.0,10339630,1110327716.51,600941,中国移动,通讯
2025-09-10,107.06,109.0,106.75,108.47,14645917,1585541448.61,600941,中国移动,通讯
2025-09-11,108.26,108.47,107.54,108.3,12923702,1394222673.36,600941,中国移动,通讯
2025-09-12,108.19,108.51,107.53,107.75,10187073,1099724662.99,600941,中国移动,通讯
2025-09-15,108.9,108.9,107.03,107.39,9696810,1043309011.66,600941,中国移动,通讯
2025-09-16,107.22,107.61,106.97,107.0,8777033,940163347.87,600941,中国移动,通讯
2025-09-17,107.0,107.28,106.51,106.74,9440195,1008155952.42,600941,中国移动,通讯
2025-09-18,106.69,106.69,104.84,104.94,20277464,2141134194.38,600941,中国移动,通讯
2025-09-19,104.98,105.5,104.9,105.44,8809440,926981149.09,600941,中国移动,通讯
2025-09-22,105.42,105.68,104.85,104.98,10777918,1132266268.6,600941,中国移动,通讯
2025-09-23,104.8,106.21,104.5,106.17,12393648,1307763019.8,600941,中国移动,通讯
2025-09-24,105.98,106.66,105.7,106.52,10392582,1105267919.67,600941,中国移动,通讯
2025-09-25,106.41,106.66,105.68,106.0,6912154,732391522.8,600941,中国移动,通讯
2025-09-26,106.08,106.15,105.05,105.8,7175135,757367362.34,600941,中国移动,通讯
2025-09-29,105.6,105.79,104.31,105.28,12187328,1278762392.87,600941,中国移动,通讯
2025-09-30,105.12,105.15,104.51,104.68,8351865,874429638.73,600941,中国移动,通讯
2025-10-09,104.16,105.68,103.8,105.44,13628543,1425919332.06,600941,中国移动,通讯
2025-10-10,105.02,106.99,104.8,106.59,17256703,1831903260.52,600941,中国移动,通讯
2025-10-13,106.2,107.44,105.68,106.95,13797859,1472093655.17,600941,中国移动,通讯
2025-10-14,106.85,107.9,106.2,107.6,16171982,1736920010.91,600941,中国移动,通讯
2025-10-15,107.21,107.91,106.68,107.12,8423201,902263938.6,600941,中国移动,通讯
2025-10-16,107.13,107.9,106.81,107.81,8057246,866721428.08,600941,中国移动,通讯
2025-10-17,107.61,108.36,107.47,107.93,12273683,1325774638.8,600941,中国移动,通讯
2025-10-20,107.62,107.92,106.81,107.78,8099093,870007156.77,600941,中国移动,通讯
2025-10-21,107.11,107.47,105.71,106.12,20182621,2143105933.3,600941,中国移动,通讯
2025-10-22,105.8,106.48,105.76,106.2,8667782,919928488.87,600941,中国移动,通讯
2025-10-23,106.0,106.86,106.0,106.69,8097865,862813852.37,600941,中国移动,通讯
2025-10-24,106.7,107.3,106.59,106.87,7856287,840256584.18,600941,中国移动,通讯
2025-10-27,106.71,107.7,106.39,106.7,10928762,1169579047.1,600941,中国移动,通讯
2025-10-28,106.85,107.04,106.46,106.66,6117102,652713495.25,600941,中国移动,通讯
2025-10-29,106.61,106.69,105.9,105.97,9048647,960170766.29,600941,中国移动,通讯
2025-10-30,106.09,107.16,105.92,106.44,10734685,1144134578.35,600941,中国移动,通讯
2025-10-31,106.45,106.68,105.12,105.79,14302488,1510888733.99,600941,中国移动,通讯
2025-11-03,105.7,106.75,105.5,106.62,10907747,1159953921.03,600941,中国移动,通讯
2025-11-04,106.63,107.99,106.3,107.66,15043690,1615723974.59,600941,中国移动,通讯
2025-11-05,107.55,108.05,107.05,107.2,6530711,701138001.39,600941,中国移动,通讯
2025-11-06,107.21,107.57,106.71,107.18,6053456,648842605.49,600941,中国移动,通讯
2025-11-07,107.0,107.77,107.0,107.55,5458728,586578619.67,600941,中国移动,通讯
2025-11-10,107.3,107.84,106.88,107.74,6809831,732056797.28,600941,中国移动,通讯
2025-11-11,107.86,108.0,107.44,107.8,6841780,737474341.41,600941,中国移动,通讯
2025-11-12,107.9,108.98,107.9,108.59,13108523,1422658373.64,600941,中国移动,通讯
2025-11-13,108.58,108.93,106.75,107.33,14354310,1541230164.66,600941,中国移动,通讯
2025-11-14,107.34,108.0,107.16,107.21,8539179,919245570.61,600941,中国移动,通讯
2025-11-17,107.05,107.21,106.15,106.64,9238290,983555148.75,600941,中国移动,通讯
2025-11-18,106.53,107.88,106.31,107.81,11445976,1228217880.09,600941,中国移动,通讯
2025-11-19,107.79,108.13,107.47,107.89,7711138,831885678.1,600941,中国移动,通讯
2025-11-20,107.61,109.28,107.61,108.69,14338886,1558306426.29,600941,中国移动,通讯
2025-11-21,108.48,109.37,108.06,108.48,15022126,1634006383.09,600941,中国移动,通讯
2025-11-24,108.48,109.2,107.5,108.72,13552723,1468071310.22,600941,中国移动,通讯
2025-11-25,108.65,108.83,107.7,108.66,9464490,1024266059.84,600941,中国移动,通讯
2025-11-26,108.6,109.61,108.32,108.97,9803188,1068003340.16,600941,中国移动,通讯
2025-11-27,108.58,108.79,107.82,108.25,8538225,923580308.54,600941,中国移动,通讯
2025-11-28,108.04,108.4,107.61,107.7,7961801,859178696.79,600941,中国移动,通讯
2025-12-01,106.7,107.33,106.51,107.05,17623312,1882464440.67,600941,中国移动,通讯
2025-12-02,106.87,107.6,106.78,107.35,10478681,1124172307.93,600941,中国移动,通讯
2025-12-03,107.35,107.65,106.52,106.64,10364736,1107982393.93,600941,中国移动,通讯
2025-12-04,106.68,106.94,105.92,106.11,11753906,1248611438.18,600941,中国移动,通讯
2025-12-05,106.2,106.33,105.05,105.47,14601246,1539924441.48,600941,中国移动,通讯
2025-12-08,105.47,105.6,104.42,104.51,19437391,2037723420.17,600941,中国移动,通讯
2025-12-09,104.49,105.0,104.42,104.92,10180915,1067026552.81,600941,中国移动,通讯
2025-12-10,104.77,105.0,104.46,104.7,6707723,702205940.8,600941,中国移动,通讯
2025-12-11,104.7,104.86,104.29,104.31,8373928,874640054.15,600941,中国移动,通讯
2025-12-12,104.31,104.48,103.92,104.36,15945182,1660186120.02,600941,中国移动,通讯
2025-12-15,104.4,104.44,102.8,102.81,19547135,2020734691.43,600941,中国移动,通讯
2025-12-16,102.8,103.25,102.11,102.99,10906930,1119272225.63,600941,中国移动,通讯
2025-12-17,102.9,102.9,101.8,102.31,11959506,1222268013.16,600941,中国移动,通讯
2025-12-18,102.2,102.54,101.8,101.9,9791708,999468910.29,600941,中国移动,通讯
2025-12-19,102.01,102.43,101.86,102.16,8820683,900904764.33,600941,中国移动,通讯
2025-12-22,102.01,102.26,100.86,101.16,20592437,2085607728.27,600941,中国移动,通讯
2025-12-23,101.0,101.29,100.82,100.99,12770784,1289364531.81,600941,中国移动,通讯
2025-12-24,100.94,101.94,100.1,101.52,16437369,1658984681.21,600941,中国移动,通讯
2025-12-25,101.4,101.47,100.35,100.51,17634204,1775386564.89,600941,中国移动,通讯
2025-12-26,100.3,101.11,100.12,100.84,14736262,1482522710.9,600941,中国移动,通讯
2025-12-29,100.76,101.59,100.25,100.58,17789608,1793909116.73,600941,中国移动,通讯
2025-12-30,100.5,100.9,100.22,100.35,8788834,882278236.88,600941,中国移动,通讯
2025-12-31,100.35,101.13,100.35,101.05,10708241,1079065469.04,600941,中国移动,通讯
2026-01-05,101.38,101.44,100.0,100.58,21477952,2158943186.33,600941,中国移动,通讯
2026-01-06,100.58,100.73,100.13,100.66,15228763,1529741403.38,600941,中国移动,通讯
2026-01-07,100.59,101.02,100.22,100.3,15691902,1576801948.03,600941,中国移动,通讯
2026-01-08,100.3,100.45,100.04,100.12,13181669,1319990562.59,600941,中国移动,通讯
2026-01-09,100.12,100.36,99.54,100.12,18177767,1817591656.87,600941,中国移动,通讯
2026-01-12,100.44,100.59,100.0,100.4,16118216,1616280467.2,600941,中国移动,通讯
2026-01-13,100.41,100.89,100.02,100.18,17210814,1728861432.95,600941,中国移动,通讯
2026-01-14,100.18,100.21,99.0,99.03,26212401,2610123255.58,600941,中国移动,通讯
2026-01-15,98.95,98.95,97.0,97.1,28476178,2784067891.76,600941,中国移动,通讯
2026-01-16,97.13,97.81,96.0,96.28,21785954,2106243961.77,600941,中国移动,通讯
2026-01-19,96.28,96.75,95.75,96.5,12391626,1194204426.18,600941,中国移动,通讯
2026-01-20,96.5,97.44,96.27,97.32,13021335,1263076479.7,600941,中国移动,通讯
2026-01-21,97.1,97.1,96.0,96.14,13332291,1286511001.4,600941,中国移动,通讯
2026-01-22,96.23,96.93,96.1,96.25,9770689,941655472.52,600941,中国移动,通讯
2026-01-23,96.41,96.41,95.24,95.38,15781274,1507811098.74,600941,中国移动,通讯
2026-01-26,95.36,95.89,94.73,94.8,19469435,1851348778.55,600941,中国移动,通讯
2026-01-27,94.82,95.09,94.25,94.26,14886467,1408983462.91,600941,中国移动,通讯
2026-01-28,94.26,96.13,93.8,95.7,23571562,2241310226.37,600941,中国移动,通讯
2026-01-29,95.34,97.0,94.71,96.98,20905474,2005611519.0,600941,中国移动,通讯
2026-01-30,96.88,97.6,96.22,96.38,13752638,1330261286.23,600941,中国移动,通讯
2026-02-02,93.1,93.42,91.51,92.66,32136246,2973282961.36,600941,中国移动,通讯
2026-02-03,92.66,92.8,91.88,92.07,15162510,1396598026.04,600941,中国移动,通讯
2026-02-04,92.01,95.0,91.98,94.93,19485059,1826645131.73,600941,中国移动,通讯
2026-02-05,94.93,95.95,94.7,95.36,10909588,1040225441.33,600941,中国移动,通讯
2026-02-06,95.52,95.75,94.83,95.11,8132271,774214317.24,600941,中国移动,通讯
2026-02-09,95.17,95.24,94.07,94.24,11119937,1050123734.48,600941,中国移动,通讯
2026-02-10,94.2,94.57,93.51,93.85,12150268,1142319513.39,600941,中国移动,通讯
2026-02-11,93.87,94.33,93.87,94.15,5203399,489718449.12,600941,中国移动,通讯
2026-02-12,94.19,94.28,93.1,93.29,8570652,801821915.06,600941,中国移动,通讯
2026-02-13,93.35,93.47,92.56,92.61,8873030,824206285.72,600941,中国移动,通讯
2026-02-24,93.0,94.8,92.77,94.67,12411311,1167047790.65,600941,中国移动,通讯
2026-02-25,94.52,94.84,93.97,94.23,9082250,857162757.14,600941,中国移动,通讯
2026-02-26,94.28,94.53,93.41,93.97,7667222,719953652.96,600941,中国移动,通讯
2026-02-27,93.96,94.32,93.61,94.31,6168634,580202593.58,600941,中国移动,通讯
2026-03-02,93.9,95.96,93.7,95.58,15765735,1500274587.61,600941,中国移动,通讯
2026-03-03,95.67,96.44,95.28,95.63,13622932,1306057338.9,600941,中国移动,通讯
2026-03-04,95.6,95.61,93.72,94.41,13414803,1264656512.19,600941,中国移动,通讯
2026-03-05,94.4,95.96,94.08,95.61,11680515,1111302832.5,600941,中国移动,通讯
2026-03-06,95.17,95.91,94.95,95.61,7754071,739959782.59,600941,中国移动,通讯
2026-03-09,95.31,96.44,94.98,95.21,13461340,1286713759.5,600941,中国移动,通讯
2026-03-10,95.16,95.42,94.53,95.4,8373598,795381894.37,600941,中国移动,通讯
2026-03-11,95.41,96.88,95.34,96.59,13763585,1325207314.93,600941,中国移动,通讯
2026-03-12,96.66,96.99,96.25,96.44,7558867,729790685.57,600941,中国移动,通讯
2026-03-13,96.39,98.17,96.24,97.89,17324106,1689803292.02,600941,中国移动,通讯
2026-03-16,97.89,98.78,97.6,97.7,12724313,1248406252.79,600941,中国移动,通讯
2026-03-17,97.7,98.35,97.39,97.74,7889209,772799121.65,600941,中国移动,通讯
2026-03-18,97.73,97.91,96.91,97.78,7197774,700923988.07,600941,中国移动,通讯
2026-03-19,97.3,98.88,97.3,98.59,13999435,1378249814.59,600941,中国移动,通讯
2026-03-20,98.34,98.39,96.13,96.25,14622352,1420897618.43,600941,中国移动,通讯
2026-03-23,95.66,95.66,93.18,93.27,16630459,1561221659.81,600941,中国移动,通讯
2026-03-24,93.71,94.5,93.37,93.88,10142008,952231663.46,600941,中国移动,通讯
2026-03-25,93.2,94.15,93.18,93.85,8296088,776883580.03,600941,中国移动,通讯
2026-03-26,93.8,94.29,93.3,93.87,7376464,691207374.31,600941,中国移动,通讯
2026-03-27,93.19,93.58,93.02,93.42,7448304,694822846.37,600941,中国移动,通讯
2026-03-30,93.0,93.53,92.29,93.4,9481343,880244998.3,600941,中国移动,通讯
2026-03-31,93.4,94.49,93.21,93.79,8758634,823309603.08,600941,中国移动,通讯
2026-04-01,94.15,94.32,93.58,93.85,7484273,702615043.99,600941,中国移动,通讯
2026-04-02,93.83,93.83,93.0,93.28,6099814,569686045.51,600941,中国移动,通讯
2026-04-03,93.29,93.49,92.69,93.02,7071686,657608059.8,600941,中国移动,通讯
2026-04-07,93.03,93.53,92.94,93.38,5472300,510229254.95,600941,中国移动,通讯
2026-04-08,93.51,93.99,93.41,93.99,7651651,717417543.05,600941,中国移动,通讯
2026-04-09,93.75,93.78,93.36,93.64,5283533,494263201.16,600941,中国移动,通讯
2026-04-10,93.65,94.2,93.49,94.0,7198011,676029138.31,600941,中国移动,通讯
2026-04-13,93.77,93.83,93.46,93.66,5637325,527634657.2,600941,中国移动,通讯
2026-04-14,93.6,93.97,93.31,93.55,6360382,595089764.36,600941,中国移动,通讯
2026-04-15,93.5,93.88,93.41,93.71,7742425,725061383.43,600941,中国移动,通讯
2026-04-16,93.69,93.97,93.58,93.66,5820771,545653092.63,600941,中国移动,通讯
2026-04-17,93.66,93.66,93.31,93.47,6039433,564473102.41,600941,中国移动,通讯
2026-04-20,93.31,93.38,93.2,93.3,5326728,496905152.06,600941,中国移动,通讯
2026-04-21,93.96,96.74,93.96,96.66,23160884,2214549781.73,600941,中国移动,通讯
2026-04-22,96.1,96.9,95.52,95.82,9666666,928870864.03,600941,中国移动,通讯
2026-04-23,95.83,96.62,95.68,95.85,8590356,825852118.04,600941,中国移动,通讯
2026-04-24,95.8,95.99,95.2,95.44,6432798,614527246.01,600941,中国移动,通讯
2026-04-27,95.88,95.88,95.12,95.5,6643975,634298357.2,600941,中国移动,通讯
2026-04-28,95.31,96.14,95.1,96.03,7431305,710812119.9,600941,中国移动,通讯
2026-04-29,96.0,96.56,95.9,96.55,7124805,686599572.75,600941,中国移动,通讯
2026-04-30,96.3,97.11,96.3,96.63,7441002,720223154.8,600941,中国移动,通讯
2026-05-06,96.61,96.8,95.2,96.79,10383932,996024001.62,600941,中国移动,通讯
2026-05-07,96.39,96.55,95.73,96.02,9128958,876722159.81,600941,中国移动,通讯
2026-05-08,96.02,97.25,95.72,96.68,9339412,901039869.85,600941,中国移动,通讯
2026-05-11,96.69,97.88,95.82,97.68,12414990,1205624928.82,600941,中国移动,通讯
2026-05-12,97.5,98.2,97.12,97.37,9000982,879103481.02,600941,中国移动,通讯
2026-05-13,97.18,98.03,97.01,97.89,9530690,931183261.19,600941,中国移动,通讯
2026-05-14,97.89,98.95,97.51,98.53,13894733,1367223078.65,600941,中国移动,通讯
2026-05-15,98.47,99.55,97.7,97.97,15538680,1534324823.79,600941,中国移动,通讯
2026-05-18,98.98,101.95,98.4,100.35,24339789,2433633144.33,600941,中国移动,通讯
2026-05-19,99.8,103.36,99.52,101.0,21979375,2228841439.02,600941,中国移动,通讯
2026-05-20,100.0,100.18,98.57,99.16,11885049,1179228891.36,600941,中国移动,通讯
2026-05-21,99.03,99.05,96.51,96.75,14086296,1375658849.09,600941,中国移动,通讯
2026-05-22,96.7,96.89,95.79,95.98,8831192,848861007.99,600941,中国移动,通讯
